,trade_date,trade_date_int,settle_1,settle_2,v1,v2,v2-v1,mean,std,v2-v1-mean,K,wind_id_1,wind_id_2,contract_multiplier_1,contract_multiplier_2,end_date_1,end_date_2
0,2016-07-01,20160701,0.027,0.048,0.12878093123435974,0.14849266409873962,0.019711732864379883,0.019711732864379883,,0.0,2.15,10000635.SH,10000648.SH,10000.0,10000.0,20160727,20160824
1,2016-07-04,20160704,0.0437,0.0605,0.12105992436408997,0.13022437691688538,0.00916445255279541,0.014438092708587646,0.007458053431396742,-0.005273640155792236,2.15,10000635.SH,10000648.SH,10000.0,10000.0,20160727,20160824
2,2016-07-05,20160705,0.0225,0.0397,0.1316218078136444,0.13625404238700867,0.004632234573364258,0.01116947333017985,0.007737111761858767,-0.006537238756815592,2.2,10000641.SH,10000649.SH,10000.0,10000.0,20160727,20160824
3,2016-07-06,20160706,0.022,0.038,0.13464507460594177,0.13396510481834412,-0.0006799697875976562,0.008207112550735474,0.0086608847408347,-0.00888708233833313,2.2,10000641.SH,10000649.SH,10000.0,10000.0,20160727,20160824
4,2016-07-07,20160707,0.024,0.0407,0.13713201880455017,0.1364547312259674,-0.0006772875785827637,0.006430232524871826,0.00848791532133088,-0.0071075201034545895,2.2,10000641.SH,10000649.SH,10000.0,10000.0,20160727,20160824
5,2016-07-08,20160708,0.0447,0.0624,0.14052996039390564,0.14305725693702698,0.002527296543121338,0.005779743194580078,0.007757227817629649,-0.0032524466514587402,2.15,10000635.SH,10000648.SH,10000.0,10000.0,20160727,20160824
6,2016-07-11,20160711,0.0204,0.0418,0.13711485266685486,0.1485086977481842,0.011393845081329346,0.006581757749829974,0.007392433808068096,0.004812087331499372,2.2,10000641.SH,10000649.SH,10000.0,10000.0,20160727,20160824
7,2016-07-12,20160712,0.0184,0.042,0.13938269019126892,0.15536460280418396,0.01598191261291504,0.007756777107715607,0.007608322634351929,0.008225135505199432,2.25,10000643.SH,10000655.SH,10000.0,10000.0,20160727,20160824
8,2016-07-13,20160713,0.0198,0.0455,0.14538529515266418,0.16423937678337097,0.018854081630706787,0.008989810943603516,0.008020854294203515,0.009864270687103271,2.25,10000643.SH,10000655.SH,10000.0,10000.0,20160727,20160824
9,2016-07-14,20160714,0.0179,0.0432,0.14726731181144714,0.16351011395454407,0.016242802143096924,0.009715110063552856,0.007902307132003916,0.006527692079544067,2.25,10000643.SH,10000655.SH,10000.0,10000.0,20160727,20160824
10,2016-07-15,20160715,0.0173,0.0449,0.1419355571269989,0.16664531826972961,0.024709761142730713,0.011078260161659935,0.008754528673625478,0.013631500981070778,2.25,10000643.SH,10000655.SH,10000.0,10000.0,20160727,20160824
11,2016-07-18,20160718,0.0115,0.0404,0.14444491267204285,0.17117241024971008,0.026727497577667236,0.012382363279660543,0.009491183159157012,0.014345134298006693,2.25,10000643.SH,10000655.SH,10000.0,10000.0,20160727,20160824
12,2016-07-19,20160719,0.0277,0.0545,0.13773450255393982,0.1577032506465912,0.019968748092651367,0.0129659313421983,0.009327531818989406,0.007002816750453068,2.2,10000641.SH,10000649.SH,10000.0,10000.0,20160727,20160824
13,2016-07-20,20160720,0.0222,0.0488,0.13814696669578552,0.1538715660572052,0.015724599361419678,0.01316297905785697,0.00899188034592211,0.0025616203035627085,2.2,10000641.SH,10000649.SH,10000.0,10000.0,20160727,20160824
14,2016-07-21,20160721,0.0268,0.0542,0.12456628680229187,0.1526409089565277,0.02807462215423584,0.01415708859761556,0.009481689689675353,0.01391753355662028,2.2,10000641.SH,10000649.SH,10000.0,10000.0,20160727,20160824
15,2016-07-22,20160722,0.0112,0.0435,0.10608616471290588,0.1573455035686493,0.05125933885574341,0.01647597923874855,0.013036295651056563,0.03478335961699486,2.2,10000641.SH,10000649.SH,10000.0,10000.0,20160727,20160824
16,2016-07-25,20160725,0.0405,0.0666,0.1517145335674286,0.1679345667362213,0.016220033168792725,0.01646092358757468,0.012622491630721926,-0.0002408904187819541,2.2,10000649.SH,10000591.SH,10000.0,10000.0,20160824,20160928
17,2016-07-26,20160726,0.0303,0.0547,0.15606865286827087,0.16603979468345642,0.009971141815185547,0.016100380155775283,0.0123407839839236,-0.006129238340589736,2.25,10000655.SH,10000595.SH,10000.0,10000.0,20160824,20160928
18,2016-07-27,20160727,0.0388,0.0608,0.1176852285861969,0.1332920491695404,0.015606820583343506,0.01607440333617361,0.011993620801370647,-0.0004675827528301049,2.2,10000649.SH,10000591.SH,10000.0,10000.0,20160824,20160928
19,2016-07-28,20160728,0.0395,0.0621,0.13327434659004211,0.14463385939598083,0.01135951280593872,0.015838658809661864,0.011721243875441148,-0.004479146003723143,2.2,10000649.SH,10000591.SH,10000.0,10000.0,20160824,20160928
20,2016-07-29,20160729,0.0355,0.0544,0.14263412356376648,0.13990625739097595,-0.0027278661727905273,0.014716678857803344,0.01238611694983969,-0.017444545030593873,2.2,10000649.SH,10000591.SH,10000.0,10000.0,20160824,20160928
21,2016-08-01,20160801,0.0277,0.0494,0.1419481337070465,0.14605584740638733,0.00410771369934082,0.014463841915130615,0.01255586749650676,-0.010356128215789795,2.2,10000649.SH,10000591.SH,10000.0,10000.0,20160824,20160928
22,2016-08-02,20160802,0.027,0.0456,0.14212170243263245,0.13649186491966248,-0.005629837512969971,0.013950738310813903,0.01317329097487993,-0.019580575823783874,2.2,10000649.SH,10000591.SH,10000.0,10000.0,20160824,20160928
23,2016-08-03,20160803,0.0228,0.0432,0.12998804450035095,0.13375672698020935,0.0037686824798583984,0.014173170924186707,0.012948894330368903,-0.010404488444328308,2.2,10000649.SH,10000591.SH,10000.0,10000.0,20160824,20160928
24,2016-08-04,20160804,0.0196,0.0415,0.12199029326438904,0.13299593329429626,0.011005640029907227,0.014757317304611207,0.012499423181534618,-0.00375167727470398,2.2,10000649.SH,10000591.SH,10000.0,10000.0,20160824,20160928
25,2016-08-05,20160805,0.0212,0.0434,0.11269882321357727,0.1266697347164154,0.013970911502838135,0.015329498052597045,0.012167630110562532,-0.0013585865497589104,2.2,10000649.SH,10000591.SH,10000.0,10000.0,20160824,20160928
26,2016-08-08,20160808,0.024,0.0452,0.113698810338974,0.12176695466041565,0.00806814432144165,0.015163213014602661,0.012246714075004583,-0.007095068693161011,2.2,10000649.SH,10000591.SH,10000.0,10000.0,20160824,20160928
27,2016-08-09,20160809,0.0308,0.051,0.09524920582771301,0.1100989282131195,0.014849722385406494,0.015106603503227234,0.012245347175818391,-0.00025688111782073975,2.2,10000649.SH,10000591.SH,10000.0,10000.0,20160824,20160928
28,2016-08-10,20160810,0.0285,0.0502,0.10620042681694031,0.11870589852333069,0.01250547170639038,0.014789173007011413,0.012225359909846087,-0.0022837013006210324,2.2,10000649.SH,10000591.SH,10000.0,10000.0,20160824,20160928
29,2016-08-11,20160811,0.0326,0.0513,0.10613909363746643,0.1096930205821991,0.003553926944732666,0.014154729247093201,0.012472699476319127,-0.010600802302360535,2.2,10000649.SH,10000591.SH,10000.0,10000.0,20160824,20160928
30,2016-08-12,20160812,0.0296,0.0495,0.09194990992546082,0.10458150506019592,0.012631595134735107,0.01355082094669342,0.01222468070147077,-0.0009192258119583123,2.25,10000655.SH,10000595.SH,10000.0,10000.0,20160824,20160928
31,2016-08-15,20160815,0.0204,0.0491,0.17939630150794983,0.1640435755252838,-0.015352725982666016,0.011446809768676758,0.013402015763783597,-0.026799535751342772,2.35,10000665.SH,10000667.SH,10000.0,10000.0,20160824,20160928
32,2016-08-16,20160816,0.0256,0.0565,0.16117683053016663,0.16063109040260315,-0.0005457401275634766,0.010421085357666015,0.013500140570400105,-0.010966825485229491,2.3,10000659.SH,10000599.SH,10000.0,10000.0,20160824,20160928
33,2016-08-17,20160817,0.0208,0.0541,0.16022971272468567,0.16539224982261658,0.005162537097930908,0.009892982244491578,0.013488336724038283,-0.00473044514656067,2.3,10000659.SH,10000599.SH,10000.0,10000.0,20160824,20160928
34,2016-08-18,20160818,0.0128,0.0492,0.14505097270011902,0.16831257939338684,0.023261606693267822,0.009652331471443176,0.013186434732216671,0.013609275221824646,2.3,10000659.SH,10000599.SH,10000.0,10000.0,20160824,20160928
35,2016-08-19,20160819,0.0155,0.0508,0.1365966498851776,0.1572616994380951,0.02066504955291748,0.00812261700630188,0.009310705573243034,0.012542432546615601,2.3,10000659.SH,10000599.SH,10000.0,10000.0,20160824,20160928
36,2016-08-25,20160825,0.0552,0.0686,0.1550242006778717,0.14628943800926208,-0.00873476266860962,0.006874877214431763,0.009826284665956938,-0.015609639883041381,2.25,10000595.SH,10000700.SH,10000.0,10000.0,20160928,20161026
37,2016-08-26,20160826,0.0516,0.0678,0.14850178360939026,0.14870533347129822,0.00020354986190795898,0.006386497616767883,0.0099066989507907,-0.006182947754859924,2.25,10000595.SH,10000700.SH,10000.0,10000.0,20160928,20161026
38,2016-08-29,20160829,0.0486,0.0649,0.14937147498130798,0.14815691113471985,-0.0012145638465881348,0.005545428395271302,0.009796145399259238,-0.006759992241859436,2.25,10000595.SH,10000700.SH,10000.0,10000.0,20160928,20161026
39,2016-08-30,20160830,0.032,0.0478,0.16097649931907654,0.15499237179756165,-0.005984127521514893,0.00467824637889862,0.010019485799650757,-0.010662373900413514,2.3,10000599.SH,10000701.SH,10000.0,10000.0,20160928,20161026
40,2016-08-31,20160831,0.0378,0.0537,0.1729179322719574,0.1624043881893158,-0.010513544082641602,0.004288962483406067,0.010463774536269907,-0.014802506566047669,2.3,10000599.SH,10000701.SH,10000.0,10000.0,20160928,20161026
41,2016-09-01,20160901,0.0515,0.0687,0.163056880235672,0.15872922539710999,-0.004327654838562012,0.0038671940565109253,0.010639985269590424,-0.008194848895072937,2.25,10000595.SH,10000700.SH,10000.0,10000.0,20160928,20161026
42,2016-09-02,20160902,0.031,0.0489,0.16104301810264587,0.15884730219841003,-0.00219571590423584,0.004038900136947632,0.010505517480688922,-0.006234616041183472,2.3,10000599.SH,10000701.SH,10000.0,10000.0,20160928,20161026
43,2016-09-05,20160905,0.0323,0.0507,0.1757456362247467,0.1678631603717804,-0.007882475852966309,0.0034563422203063967,0.01083903949568172,-0.011338818073272704,2.3,10000599.SH,10000701.SH,10000.0,10000.0,20160928,20161026
44,2016-09-06,20160906,0.0346,0.0535,0.17806753516197205,0.16941460967063904,-0.008652925491333008,0.0024734139442443848,0.011008442391294344,-0.011126339435577393,2.3,10000599.SH,10000701.SH,10000.0,10000.0,20160928,20161026
45,2016-09-07,20160907,0.0339,0.0545,0.17069599032402039,0.16836616396903992,-0.0023298263549804688,0.0016583770513534546,0.010711831231457266,-0.003988203406333923,2.3,10000599.SH,10000701.SH,10000.0,10000.0,20160928,20161026
46,2016-09-08,20160908,0.0315,0.054,0.1639382541179657,0.1687825620174408,0.004844307899475098,0.0014971852302551269,0.010634275817626555,0.003347122669219971,2.3,10000599.SH,10000701.SH,10000.0,10000.0,20160928,20161026
47,2016-09-09,20160909,0.0233,0.0472,0.1503426730632782,0.1648041307926178,0.0144614577293396,0.0014777719974517823,0.010608941602600697,0.012983685731887818,2.3,10000599.SH,10000701.SH,10000.0,10000.0,20160928,20161026
48,2016-09-12,20160912,0.0241,0.046,0.12297651171684265,0.138914555311203,0.01593804359436035,0.0016494005918502807,0.01082235348204908,0.01428864300251007,2.25,10000595.SH,10000700.SH,10000.0,10000.0,20160928,20161026
49,2016-09-13,20160913,0.0206,0.0405,0.1296958029270172,0.13621363043785095,0.00651782751083374,0.0017975956201553346,0.010869993675557037,0.004720231890678406,2.25,10000595.SH,10000700.SH,10000.0,10000.0,20160928,20161026
50,2016-09-14,20160914,0.0142,0.0339,0.1288609802722931,0.1365511119365692,0.007690131664276123,0.0015505224466323853,0.010665004306052387,0.006139609217643738,2.25,10000595.SH,10000700.SH,10000.0,10000.0,20160928,20161026
51,2016-09-19,20160919,0.0144,0.0354,0.12534543871879578,0.13017436861991882,0.004828929901123047,0.0025596052408218386,0.009909504226747754,0.0022693246603012083,2.25,10000595.SH,10000700.SH,10000.0,10000.0,20160928,20161026
52,2016-09-20,20160920,0.0115,0.0327,0.12080797553062439,0.12775173783302307,0.006943762302398682,0.002934080362319946,0.00992747446902548,0.0040096819400787355,2.25,10000595.SH,10000700.SH,10000.0,10000.0,20160928,20161026
53,2016-09-21,20160921,0.014,0.0349,0.13612499833106995,0.13067564368247986,-0.005449354648590088,0.0024034857749938967,0.010084447609451241,-0.007852840423583984,2.25,10000595.SH,10000700.SH,10000.0,10000.0,20160928,20161026
54,2016-09-22,20160922,0.0146,0.0367,0.09985813498497009,0.1164102852344513,0.0165521502494812,0.0020680129528045654,0.009445406140579104,0.014484137296676636,2.25,10000595.SH,10000700.SH,10000.0,10000.0,20160928,20161026
55,2016-09-23,20160923,0.009,0.0321,0.08751210570335388,0.11329755187034607,0.025785446166992188,0.002324032783508301,0.010027473289703274,0.023461413383483887,2.25,10000595.SH,10000700.SH,10000.0,10000.0,20160928,20161026
56,2016-09-29,20160929,0.0204,0.0367,0.11508402228355408,0.1241326630115509,0.009048640727996826,0.003213202953338623,0.009780660601614508,0.005835437774658203,2.25,10000700.SH,10000716.SH,10000.0,10000.0,20161026,20161123
57,2016-09-30,20160930,0.0241,0.0415,0.12416872382164001,0.13259544968605042,0.0084267258644104,0.003624361753463745,0.009820244644049344,0.0048023641109466554,2.25,10000700.SH,10000716.SH,10000.0,10000.0,20161026,20161123
58,2016-10-10,20161010,0.0304,0.0497,0.12070366740226746,0.12943634390830994,0.00873267650604248,0.004121723771095276,0.00981416589379471,0.004610952734947204,2.25,10000700.SH,10000716.SH,10000.0,10000.0,20161026,20161123
59,2016-10-11,20161011,0.0292,0.0487,0.10760036110877991,0.12206718325614929,0.014466822147369385,0.00514427125453949,0.009771117359410308,0.009322550892829896,2.25,10000700.SH,10000716.SH,10000.0,10000.0,20161026,20161123
60,2016-10-12,20161012,0.0231,0.0433,0.10459819436073303,0.12112954258918762,0.01653134822845459,0.006496515870094299,0.009352587554836261,0.01003483235836029,2.25,10000700.SH,10000716.SH,10000.0,10000.0,20161026,20161123
61,2016-10-13,20161013,0.0207,0.0408,0.0945330560207367,0.1144382655620575,0.0199052095413208,0.00770815908908844,0.00944573363477326,0.01219705045223236,2.25,10000700.SH,10000716.SH,10000.0,10000.0,20161026,20161123
62,2016-10-14,20161014,0.0248,0.0426,0.08822324872016907,0.10414233803749084,0.015919089317321777,0.00861389935016632,0.009313660372076638,0.0073051899671554565,2.25,10000700.SH,10000716.SH,10000.0,10000.0,20161026,20161123
63,2016-10-17,20161017,0.0124,0.0296,0.08400151133537292,0.0954882800579071,0.01148676872253418,0.009582361578941346,0.0084775422295377,0.0019044071435928341,2.25,10000700.SH,10000716.SH,10000.0,10000.0,20161026,20161123
64,2016-10-18,20161018,0.0096,0.0224,0.12375971674919128,0.09984979033470154,-0.023909926414489746,0.008819511532783509,0.010620423669464365,-0.03272943794727325,2.3,10000701.SH,10000717.SH,10000.0,10000.0,20161026,20161123
65,2016-10-19,20161019,0.0056,0.0225,0.10524752736091614,0.10642614960670471,0.0011786222457885742,0.008994933962821961,0.010454247619837877,-0.007816311717033387,2.3,10000701.SH,10000717.SH,10000.0,10000.0,20161026,20161123
66,2016-10-20,20161020,0.0058,0.0224,0.1132219135761261,0.10625413060188293,-0.006967782974243164,0.008404329419136047,0.011019453930007304,-0.015372112393379211,2.3,10000701.SH,10000717.SH,10000.0,10000.0,20161026,20161123
67,2016-10-21,20161021,0.0067,0.0262,0.08121392130851746,0.0966818630695343,0.015467941761016846,0.008454653620719909,0.01105082540103802,0.007013288140296937,2.3,10000701.SH,10000717.SH,10000.0,10000.0,20161026,20161123
68,2016-10-24,20161024,0.043,0.0605,0.10165223479270935,0.10936030745506287,0.007708072662353516,0.008043155074119568,0.01090983075606353,-0.00033508241176605225,2.3,10000717.SH,10000661.SH,10000.0,10000.0,20161123,20161228
69,2016-10-25,20161025,0.042,0.0593,0.11288049817085266,0.1154811680316925,0.0026006698608398438,0.007847297191619872,0.010973629995565082,-0.005246627330780029,2.3,10000717.SH,10000661.SH,10000.0,10000.0,20161123,20161228
70,2016-10-26,20161026,0.0369,0.0557,0.11417099833488464,0.11958828568458557,0.005417287349700928,0.007733654975891113,0.010987103698802785,-0.0023163676261901854,2.3,10000717.SH,10000661.SH,10000.0,10000.0,20161123,20161228
71,2016-10-27,20161027,0.0326,0.0527,0.11296859383583069,0.12176975607872009,0.008801162242889404,0.007932266592979431,0.010967717506134298,0.0008688956499099728,2.3,10000717.SH,10000661.SH,10000.0,10000.0,20161123,20161228
72,2016-10-28,20161028,0.0325,0.052,0.11038252711296082,0.11806473135948181,0.007682204246520996,0.007969188690185546,0.010965457352912487,-0.0002869844436645501,2.3,10000717.SH,10000661.SH,10000.0,10000.0,20161123,20161228
73,2016-10-31,20161031,0.0296,0.0472,0.1104755699634552,0.11149117350578308,0.0010156035423278809,0.008292436599731445,0.010639521905230464,-0.0072768330574035645,2.3,10000717.SH,10000661.SH,10000.0,10000.0,20161123,20161228
74,2016-11-01,20161101,0.0363,0.0534,0.11436840891838074,0.11223307251930237,-0.002135336399078369,0.007358062267303467,0.010696392833549418,-0.009493398666381835,2.3,10000717.SH,10000661.SH,10000.0,10000.0,20161123,20161228
75,2016-11-02,20161102,0.0282,0.0461,0.12210056185722351,0.11839720606803894,-0.0037033557891845703,0.005883622169494629,0.01003454714929195,-0.009586977958679199,2.3,10000717.SH,10000661.SH,10000.0,10000.0,20161123,20161228
76,2016-11-03,20161103,0.0428,0.0609,0.11742118000984192,0.11676284670829773,-0.0006583333015441895,0.005398273468017578,0.010107889479861455,-0.006056606769561768,2.3,10000717.SH,10000661.SH,10000.0,10000.0,20161123,20161228
77,2016-11-04,20161104,0.0409,0.0595,0.12155243754386902,0.11950966715812683,-0.0020427703857421875,0.004874798655509949,0.010213345905531086,-0.006917569041252136,2.3,10000717.SH,10000661.SH,10000.0,10000.0,20161123,20161228
78,2016-11-07,20161107,0.045,0.064,0.13404002785682678,0.12584736943244934,-0.008192658424377441,0.004028531908988953,0.01057178001751104,-0.012221190333366393,2.3,10000717.SH,10000661.SH,10000.0,10000.0,20161123,20161228
79,2016-11-08,20161108,0.0228,0.0462,0.14535412192344666,0.14159807562828064,-0.0037560462951660156,0.0031173884868621825,0.010408817694214608,-0.006873434782028199,2.35,10000723.SH,10000669.SH,10000.0,10000.0,20161123,20161228
80,2016-11-09,20161109,0.0337,0.0565,0.11669352650642395,0.12495037913322449,0.008256852626800537,0.00270366370677948,0.010004163980063681,0.005553188920021057,2.3,10000717.SH,10000661.SH,10000.0,10000.0,20161123,20161228
81,2016-11-10,20161110,0.0191,0.0407,0.11998018622398376,0.11977872252464294,-0.0002014636993408203,0.001698330044746399,0.00915916369592913,-0.0018997937440872192,2.35,10000723.SH,10000669.SH,10000.0,10000.0,20161123,20161228
82,2016-11-11,20161111,0.0278,0.0489,0.11548295617103577,0.1146756112575531,-0.000807344913482666,0.0008620083332061768,0.008534681707664088,-0.0016693532466888427,2.35,10000723.SH,10000669.SH,10000.0,10000.0,20161123,20161228
83,2016-11-14,20161114,0.0305,0.0524,0.09870079159736633,0.10902288556098938,0.010322093963623047,0.0008037745952606201,0.008462035678348037,0.009518319368362426,2.35,10000723.SH,10000669.SH,10000.0,10000.0,20161123,20161228
84,2016-11-15,20161115,0.0271,0.0507,0.12400087714195251,0.12091591954231262,-0.0030849575996398926,0.0018450230360031127,0.006254203482410065,-0.004929980635643006,2.35,10000723.SH,10000669.SH,10000.0,10000.0,20161123,20161228
85,2016-11-16,20161116,0.024,0.048,0.133779376745224,0.12329742312431335,-0.010481953620910645,0.0012619942426681519,0.006836042155940662,-0.011743947863578796,2.35,10000723.SH,10000669.SH,10000.0,10000.0,20161123,20161228
86,2016-11-17,20161117,0.0248,0.0488,0.10363593697547913,0.11216732859611511,0.008531391620635986,0.0020369529724121095,0.006731706827203105,0.006494438648223877,2.35,10000723.SH,10000669.SH,10000.0,10000.0,20161123,20161228
87,2016-11-18,20161118,0.017,0.0444,0.07717880606651306,0.11121657490730286,0.034037768840789795,0.002965444326400757,0.00942399091863113,0.031072324514389037,2.35,10000723.SH,10000669.SH,10000.0,10000.0,20161123,20161228
88,2016-11-24,20161124,0.0434,0.0579,0.08879885077476501,0.09878918528556824,0.009990334510803223,0.0030795574188232423,0.009497968243862768,0.006910777091979981,2.4,10000691.SH,10000751.SH,10000.0,10000.0,20161228,20170125
89,2016-11-25,20161125,0.0343,0.0471,0.1073051393032074,0.10616299510002136,-0.0011421442031860352,0.002892416715621948,0.009544658503177457,-0.004034560918807983,2.45,10000692.SH,10000752.SH,10000.0,10000.0,20161228,20170125
90,2016-11-28,20161128,0.0446,0.0601,0.13248685002326965,0.13012871146202087,-0.0023581385612487793,0.0025036454200744627,0.00959462598896707,-0.004861783981323242,2.45,10000692.SH,10000752.SH,10000.0,10000.0,20161228,20170125
91,2016-11-29,20161129,0.0386,0.0558,0.13327035307884216,0.1348074972629547,0.0015371441841125488,0.00214044451713562,0.009480498593602418,-0.0006033003330230711,2.446,10000743.SH,10000753.SH,10220.0,10220.0,20161228,20170125
92,2016-11-30,20161130,0.0304,0.0545,0.1525966227054596,0.16808012127876282,0.015483498573303223,0.0025305092334747315,0.009872876717956999,0.012952989339828492,2.446,10000743.SH,10000753.SH,10220.0,10220.0,20161228,20170125
93,2016-12-01,20161201,0.0346,0.0579,0.14788565039634705,0.16088387370109558,0.012998223304748535,0.0031296402215957642,0.010136175804559748,0.009868583083152771,2.446,10000743.SH,10000753.SH,10220.0,10220.0,20161228,20170125
94,2016-12-02,20161202,0.0458,0.0692,0.13756588101387024,0.15427067875862122,0.016704797744750977,0.004071646928787231,0.010490387903901825,0.012633150815963745,2.4,10000769.SH,10000779.SH,10000.0,10000.0,20161228,20170125
95,2016-12-05,20161205,0.0471,0.0688,0.13744810223579407,0.14989981055259705,0.012451708316802979,0.004879400134086609,0.010482170290297911,0.00757230818271637,2.35,10000768.SH,10000778.SH,10000.0,10000.0,20161228,20170125
96,2016-12-06,20161206,0.0447,0.0648,0.14400967955589294,0.14856019616127014,0.004550516605377197,0.005139842629432678,0.010401738348658214,-0.000589326024055481,2.35,10000768.SH,10000778.SH,10000.0,10000.0,20161228,20170125
97,2016-12-07,20161207,0.0241,0.0438,0.14387229084968567,0.14704909920692444,0.0031768083572387695,0.005400821566581726,0.010276771012747071,-0.0022240132093429565,2.397,10000692.SH,10000752.SH,10220.0,10220.0,20161228,20170125
98,2016-12-08,20161208,0.0198,0.0401,0.11827579140663147,0.1311381757259369,0.01286238431930542,0.006453573703765869,0.009881814519402591,0.006408810615539551,2.397,10000692.SH,10000752.SH,10220.0,10220.0,20161228,20170125
99,2016-12-09,20161209,0.0332,0.052,0.11273929476737976,0.12124952673912048,0.008510231971740723,0.007066887617111206,0.009591183806261108,0.0014433443546295168,2.4,10000769.SH,10000779.SH,10000.0,10000.0,20161228,20170125
100,2016-12-12,20161212,0.0255,0.0452,0.1489454209804535,0.14439448714256287,-0.004550933837890625,0.006426498293876648,0.009929173173384159,-0.010977432131767273,2.397,10000692.SH,10000752.SH,10220.0,10220.0,20161228,20170125
101,2016-12-13,20161213,0.0195,0.0406,0.1556513011455536,0.1537441909313202,-0.0019071102142333984,0.006341215968132019,0.009996196137887445,-0.008248326182365418,2.397,10000692.SH,10000752.SH,10220.0,10220.0,20161228,20170125
102,2016-12-14,20161214,0.0354,0.0568,0.1583232581615448,0.15304014086723328,-0.0052831172943115234,0.006117427349090576,0.010212418605004894,-0.0114005446434021,2.35,10000768.SH,10000778.SH,10000.0,10000.0,20161228,20170125
103,2016-12-15,20161215,0.0332,0.0594,0.16216179728507996,0.17082133889198303,0.008659541606903076,0.006034299731254578,0.010183116318217542,0.0026252418756484985,2.3,10000767.SH,10000777.SH,10000.0,10000.0,20161228,20170125
104,2016-12-16,20161216,0.0231,0.0496,0.13117548823356628,0.1533011496067047,0.022125661373138428,0.0072948306798934935,0.010548668164449923,0.014830830693244933,2.3,10000767.SH,10000777.SH,10000.0,10000.0,20161228,20170125
105,2016-12-19,20161219,0.0179,0.0422,0.14075854420661926,0.14715752005577087,0.006398975849151611,0.008138877153396607,0.009691976626494216,-0.0017399013042449958,2.299,10000669.SH,10000750.SH,10220.0,10220.0,20161228,20170125
106,2016-12-20,20161220,0.0346,0.0608,0.0947592556476593,0.14336636662483215,0.04860711097717285,0.01014266312122345,0.013262480764911561,0.0384644478559494,2.25,10000661.SH,10000749.SH,10220.0,10220.0,20161228,20170125
107,2016-12-21,20161221,0.0192,0.0449,0.15555861592292786,0.15397992730140686,-0.001578688621520996,0.00836184024810791,0.01223661875376095,-0.009940528869628906,2.3,10000767.SH,10000777.SH,10000.0,10000.0,20161228,20170125
108,2016-12-22,20161222,0.0143,0.0432,0.14687976241111755,0.1595468819141388,0.01266711950302124,0.008495679497718811,0.012269961414123298,0.004171440005302429,2.299,10000669.SH,10000750.SH,10220.0,10220.0,20161228,20170125
109,2016-12-23,20161223,0.006,0.0335,0.12668105959892273,0.14923575520515442,0.02255469560623169,0.009680521488189698,0.01243335578696414,0.012874174118041991,2.299,10000669.SH,10000750.SH,10220.0,10220.0,20161228,20170125
110,2016-12-29,20161229,0.0335,0.0523,0.169845312833786,0.16823765635490417,-0.001607656478881836,0.009718045592308044,0.012396187553229491,-0.01132570207118988,2.3,10000777.SH,10000833.SH,10000.0,10000.0,20170125,20170222
111,2017-01-03,20170103,0.0412,0.0587,0.16013482213020325,0.15247449278831482,-0.007660329341888428,0.009258171916007996,0.012876937652419769,-0.016918501257896422,2.3,10000777.SH,10000833.SH,10000.0,10000.0,20170125,20170222
112,2017-01-04,20170104,0.0447,0.0609,0.130186527967453,0.1290348470211029,-0.0011516809463500977,0.00842641294002533,0.012990419197330683,-0.009578093886375427,2.3,10000777.SH,10000833.SH,10000.0,10000.0,20170125,20170222
113,2017-01-05,20170105,0.0423,0.0582,0.13153716921806335,0.12796464562416077,-0.003572523593902588,0.007597875595092773,0.013210068673514583,-0.011170399188995362,2.3,10000777.SH,10000833.SH,10000.0,10000.0,20170125,20170222
114,2017-01-06,20170106,0.0361,0.0536,0.12921759486198425,0.13010206818580627,0.0008844733238220215,0.006806859374046325,0.013109321670590481,-0.005922386050224304,2.3,10000777.SH,10000833.SH,10000.0,10000.0,20170125,20170222
115,2017-01-10,20170110,0.0306,0.048,0.11998197436332703,0.12074628472328186,0.000764310359954834,0.006222489476203919,0.013104941402403826,-0.005458179116249085,2.3,10000777.SH,10000833.SH,10000.0,10000.0,20170125,20170222
116,2017-01-11,20170111,0.0255,0.0424,0.1281794011592865,0.12251988053321838,-0.005659520626068115,0.005711987614631653,0.01336969220175689,-0.011371508240699768,2.3,10000777.SH,10000833.SH,10000.0,10000.0,20170125,20170222
117,2017-01-13,20170113,0.025,0.0421,0.11208799481391907,0.11200085282325745,-8.71419906616211e-05,0.005548790097236633,0.013422084753637736,-0.005635932087898254,2.3,10000777.SH,10000833.SH,10000.0,10000.0,20170125,20170222
118,2017-01-20,20170120,0.0102,0.0322,0.09460535645484924,0.1084987223148346,0.013893365859985352,0.00560033917427063,0.013453594631393168,0.008293026685714721,2.35,10000778.SH,10000834.SH,10000.0,10000.0,20170125,20170222
119,2017-01-23,20170123,0.0292,0.0525,0.10527941584587097,0.13333585858345032,0.028056442737579346,0.006577649712562561,0.014355800872266749,0.021478793025016783,2.35,10000834.SH,10000788.SH,10000.0,10000.0,20170222,20170322
120,2017-01-24,20170124,0.0296,0.052,0.0966767966747284,0.12457236647605896,0.027895569801330566,0.00819997489452362,0.01485661454697519,0.019695594906806946,2.35,10000834.SH,10000788.SH,10000.0,10000.0,20170222,20170322
121,2017-01-25,20170125,0.0324,0.0543,0.10300537943840027,0.1276213824748993,0.024616003036499023,0.009526130557060242,0.015088894406653092,0.015089872479438781,2.35,10000834.SH,10000788.SH,10000.0,10000.0,20170222,20170322
122,2017-01-26,20170126,0.0379,0.0569,0.10582706332206726,0.12182202935218811,0.01599496603012085,0.01059003472328186,0.014735767661398263,0.00540493130683899,2.35,10000834.SH,10000788.SH,10000.0,10000.0,20170222,20170322
123,2017-02-03,20170203,0.02,0.0394,0.1062193214893341,0.12036916613578796,0.014149844646453857,0.010864549875259399,0.014749045275947309,0.0032852947711944584,2.35,10000834.SH,10000788.SH,10000.0,10000.0,20170222,20170322
124,2017-02-06,20170206,0.0205,0.0375,0.11682012677192688,0.11757883429527283,0.0007587075233459473,0.009796202182769775,0.014664027730111382,-0.009037494659423828,2.35,10000834.SH,10000788.SH,10000.0,10000.0,20170222,20170322
125,2017-02-07,20170207,0.0155,0.0328,0.11302360892295837,0.11656925082206726,0.0035456418991088867,0.00965353548526764,0.014712618568115642,-0.006107893586158753,2.35,10000834.SH,10000788.SH,10000.0,10000.0,20170222,20170322
126,2017-02-08,20170208,0.019,0.0382,0.10410460829734802,0.114877849817276,0.010773241519927979,0.007761842012405396,0.01152814489933559,0.0030113995075225827,2.35,10000834.SH,10000788.SH,10000.0,10000.0,20170222,20170322
127,2017-02-09,20170209,0.0224,0.0412,0.10977396368980408,0.1158052384853363,0.0060312747955322266,0.008142340183258056,0.011327465793580108,-0.0021110653877258294,2.35,10000834.SH,10000788.SH,10000.0,10000.0,20170222,20170322
128,2017-02-10,20170210,0.0261,0.0455,0.09267756342887878,0.10892865061759949,0.016251087188720703,0.00832153856754303,0.011430692877827837,0.007929548621177673,2.35,10000834.SH,10000788.SH,10000.0,10000.0,20170222,20170322
129,2017-02-13,20170213,0.0305,0.0481,0.06517115235328674,0.09603312611579895,0.030861973762512207,0.008736902475357055,0.012106092354133971,0.02212507128715515,2.35,10000834.SH,10000788.SH,10000.0,10000.0,20170222,20170322
130,2017-02-14,20170214,0.0272,0.0435,0.10254988074302673,0.10009685158729553,-0.002453029155731201,0.008694633841514587,0.012145523123340043,-0.011147662997245789,2.35,10000834.SH,10000788.SH,10000.0,10000.0,20170222,20170322
131,2017-02-15,20170215,0.0245,0.0411,0.0922146737575531,0.095404714345932,0.0031900405883789062,0.009237152338027955,0.01160691741710629,-0.0060471117496490485,2.35,10000834.SH,10000788.SH,10000.0,10000.0,20170222,20170322
132,2017-02-16,20170216,0.0274,0.044,0.10727068781852722,0.10069790482521057,-0.00657278299331665,0.008966097235679626,0.011921336218428523,-0.015538880228996277,2.35,10000834.SH,10000788.SH,10000.0,10000.0,20170222,20170322
133,2017-02-17,20170217,0.0177,0.0368,0.09914931654930115,0.10107174515724182,0.0019224286079406738,0.00924084484577179,0.011677989683403363,-0.007318416237831115,2.35,10000834.SH,10000788.SH,10000.0,10000.0,20170222,20170322
134,2017-02-27,20170227,0.037,0.0518,0.10931059718132019,0.10238191485404968,-0.006928682327270508,0.008850187063217163,0.012095466335940053,-0.01577886939048767,2.35,10000788.SH,10000858.SH,10000.0,10000.0,20170322,20170426
135,2017-02-28,20170228,0.037,0.0525,0.1092582643032074,0.1037396490573883,-0.005518615245819092,0.008536040782928467,0.012394423898674723,-0.014054656028747559,2.35,10000788.SH,10000858.SH,10000.0,10000.0,20170322,20170426
136,2017-03-01,20170301,0.0362,0.0518,0.10845735669136047,0.10290750861167908,-0.0055498480796813965,0.008541524410247803,0.012387835356872387,-0.0140913724899292,2.35,10000788.SH,10000858.SH,10000.0,10000.0,20170322,20170426
137,2017-03-02,20170302,0.0258,0.0434,0.10436597466468811,0.10493525862693787,0.0005692839622497559,0.008574345707893371,0.01236461849689522,-0.008005061745643615,2.35,10000788.SH,10000858.SH,10000.0,10000.0,20170322,20170426
138,2017-03-07,20170307,0.0213,0.038,0.09562119841575623,0.0937720239162445,-0.0018491744995117188,0.007787218689918518,0.012508435974823272,-0.009636393189430237,2.35,10000788.SH,10000858.SH,10000.0,10000.0,20170322,20170426
139,2017-03-08,20170308,0.0197,0.0362,0.08746644854545593,0.08798608183860779,0.0005196332931518555,0.006410378217697144,0.011645692676682284,-0.005890744924545288,2.35,10000788.SH,10000858.SH,10000.0,10000.0,20170322,20170426
140,2017-03-13,20170313,0.0165,0.0335,0.08954176306724548,0.08556380867958069,-0.003977954387664795,0.004816702008247376,0.010692665760372403,-0.00879465639591217,2.35,10000788.SH,10000858.SH,10000.0,10000.0,20170322,20170426
141,2017-03-14,20170314,0.0137,0.031,0.09120824933052063,0.08589467406272888,-0.005313575267791748,0.003320223093032837,0.009835890599459664,-0.008633798360824585,2.35,10000788.SH,10000858.SH,10000.0,10000.0,20170322,20170426
142,2017-03-15,20170315,0.0158,0.0324,0.10164174437522888,0.08632215857505798,-0.015319585800170898,0.0017544955015182495,0.01019781566663726,-0.017074081301689147,2.35,10000788.SH,10000858.SH,10000.0,10000.0,20170322,20170426
143,2017-03-16,20170316,0.0254,0.0413,0.10963711142539978,0.08718714118003845,-0.022449970245361328,-7.549524307250976e-05,0.011100373635733332,-0.02237447500228882,2.35,10000788.SH,10000858.SH,10000.0,10000.0,20170322,20170426
144,2017-03-23,20170323,0.0205,0.0304,0.07461759448051453,0.07633033394813538,0.0017127394676208496,-2.779364585876465e-05,0.011106195479343198,0.0017405331134796142,2.35,10000858.SH,10000871.SH,10000.0,10000.0,20170426,20170524
145,2017-03-24,20170324,0.0328,0.0431,0.07969120144844055,0.08068135380744934,0.000990152359008789,-0.00015556812286376953,0.01107758340694251,0.0011457204818725586,2.35,10000858.SH,10000871.SH,10000.0,10000.0,20170426,20170524
146,2017-03-27,20170327,0.0313,0.0418,0.08817163109779358,0.08645161986351013,-0.0017200112342834473,-0.0007802307605743408,0.010777043736912203,-0.0009397804737091064,2.35,10000858.SH,10000871.SH,10000.0,10000.0,20170426,20170524
147,2017-03-28,20170328,0.0285,0.0391,0.0924822986125946,0.08948668837547302,-0.002995610237121582,-0.0012315750122070313,0.010665206164399239,-0.0017640352249145507,2.35,10000858.SH,10000871.SH,10000.0,10000.0,20170426,20170524
148,2017-03-29,20170329,0.0259,0.038,0.0885705053806305,0.09050700068473816,0.001936495304107666,-0.001947304606437683,0.00988175789525929,0.003883799910545349,2.35,10000858.SH,10000871.SH,10000.0,10000.0,20170426,20170524
149,2017-03-30,20170330,0.0223,0.0343,0.09442183375358582,0.09443971514701843,1.7881393432617188e-05,-0.0034895092248916626,0.00622042031973426,0.00350739061832428,2.35,10000858.SH,10000871.SH,10000.0,10000.0,20170426,20170524
150,2017-03-31,20170331,0.0255,0.0385,0.08183988928794861,0.08767423033714294,0.005834341049194336,-0.003075140714645386,0.006559865282166229,0.008909481763839721,2.35,10000858.SH,10000871.SH,10000.0,10000.0,20170426,20170524
151,2017-04-05,20170405,0.0136,0.0255,0.08885201811790466,0.08864828944206238,-0.00020372867584228516,-0.003244829177856445,0.006431916489086634,0.00304110050201416,2.4,10000859.SH,10000872.SH,10000.0,10000.0,20170426,20170524
152,2017-04-06,20170406,0.0124,0.0252,0.08203426003456116,0.08622273802757263,0.004188477993011475,-0.002706766128540039,0.006587108569123374,0.006895244121551514,2.4,10000859.SH,10000872.SH,10000.0,10000.0,20170426,20170524
153,2017-04-07,20170407,0.0112,0.0242,0.07863035798072815,0.08435550332069397,0.00572514533996582,-0.002516630291938782,0.006779825494976027,0.008241775631904601,2.4,10000859.SH,10000872.SH,10000.0,10000.0,20170426,20170524
154,2017-04-10,20170410,0.0082,0.0216,0.08323356509208679,0.08901193737983704,0.005778372287750244,-0.001881277561187744,0.006938155540917532,0.007659649848937989,2.4,10000859.SH,10000872.SH,10000.0,10000.0,20170426,20170524
155,2017-04-11,20170411,0.009,0.0204,0.08900919556617737,0.08513084053993225,-0.003878355026245117,-0.0017992645502090455,0.006902499982574327,-0.0020790904760360717,2.4,10000859.SH,10000872.SH,10000.0,10000.0,20170426,20170524
156,2017-04-12,20170412,0.0301,0.0384,0.07284936308860779,0.06395766139030457,-0.008891701698303223,-0.0019663572311401367,0.007037205646034568,-0.006925344467163086,2.35,10000858.SH,10000871.SH,10000.0,10000.0,20170426,20170524
157,2017-04-13,20170413,0.0291,0.0386,0.10289803147315979,0.08240726590156555,-0.02049076557159424,-0.0030193597078323363,0.008128801771514302,-0.0174714058637619,2.35,10000858.SH,10000871.SH,10000.0,10000.0,20170426,20170524
158,2017-04-14,20170414,0.0176,0.0307,0.09895971417427063,0.09049007296562195,-0.008469641208648682,-0.0033503830432891845,0.008213005259999906,-0.005119258165359497,2.35,10000858.SH,10000871.SH,10000.0,10000.0,20170426,20170524
159,2017-04-17,20170417,0.0168,0.0305,0.0993179976940155,0.08861216902732849,-0.010705828666687012,-0.003911656141281128,0.008317516888688623,-0.006794172525405884,2.35,10000858.SH,10000871.SH,10000.0,10000.0,20170426,20170524
160,2017-04-18,20170418,0.0088,0.0239,0.09815940260887146,0.09348723292350769,-0.0046721696853637695,-0.003946366906166077,0.00831925649931996,-0.0007258027791976927,2.35,10000858.SH,10000871.SH,10000.0,10000.0,20170426,20170524
161,2017-04-19,20170419,0.025,0.0399,0.07419547438621521,0.08577051758766174,0.011575043201446533,-0.0031019359827041625,0.009002263419077318,0.014676979184150696,2.3,10000857.SH,10000870.SH,10000.0,10000.0,20170426,20170524
162,2017-04-20,20170420,0.0046,0.0183,0.09595981240272522,0.08757683634757996,-0.008382976055145264,-0.002755105495452881,0.008632822238134738,-0.005627870559692383,2.35,10000858.SH,10000871.SH,10000.0,10000.0,20170426,20170524
163,2017-04-21,20170421,0.0057,0.019,0.08480283617973328,0.07574954628944397,-0.009053289890289307,-0.00208527147769928,0.007464980181299935,-0.006968018412590027,2.35,10000858.SH,10000871.SH,10000.0,10000.0,20170426,20170524
164,2017-04-24,20170424,0.0168,0.0287,0.08026334643363953,0.07985678315162659,-0.00040656328201293945,-0.002191236615180969,0.007423154581567477,0.0017846733331680297,2.35,10000871.SH,10000798.SH,10000.0,10000.0,20170524,20170628
165,2017-04-25,20170425,0.0172,0.0293,0.07306328415870667,0.07460716366767883,0.001543879508972168,-0.0021635502576828,0.0074366651441675705,0.003707429766654968,2.35,10000871.SH,10000798.SH,10000.0,10000.0,20170524,20170628
166,2017-04-26,20170426,0.0158,0.0283,0.0744563639163971,0.07663992047309875,0.00218355655670166,-0.001968371868133545,0.007499875436083165,0.004151928424835205,2.35,10000871.SH,10000798.SH,10000.0,10000.0,20170524,20170628
167,2017-04-27,20170427,0.0169,0.028,0.07126656174659729,0.07009735703468323,-0.0011692047119140625,-0.001877051591873169,0.00749782832137077,0.0007078468799591065,2.35,10000871.SH,10000798.SH,10000.0,10000.0,20170524,20170628
168,2017-04-28,20170428,0.0154,0.0264,0.07429751753807068,0.07193848490715027,-0.00235903263092041,-0.002091827988624573,0.007444170269342767,-0.00026720464229583723,2.35,10000871.SH,10000798.SH,10000.0,10000.0,20170524,20170628
169,2017-05-02,20170502,0.0122,0.0227,0.0821315348148346,0.07520076632499695,-0.0069307684898376465,-0.002439260482788086,0.007502448841327165,-0.0044915080070495605,2.35,10000871.SH,10000798.SH,10000.0,10000.0,20170524,20170628
170,2017-05-03,20170503,0.01,0.0195,0.08551135659217834,0.07537350058555603,-0.010137856006622314,-0.0032378703355789183,0.007425093905158379,-0.006899985671043396,2.35,10000871.SH,10000798.SH,10000.0,10000.0,20170524,20170628
171,2017-05-04,20170504,0.0296,0.0403,0.07357308268547058,0.06866183876991272,-0.004911243915557861,-0.0034732460975646974,0.007398415545336989,-0.001437997817993164,2.3,10000870.SH,10000797.SH,10000.0,10000.0,20170524,20170628
172,2017-05-05,20170505,0.0229,0.0355,0.06607899069786072,0.06885203719139099,0.0027730464935302734,-0.0035440176725387573,0.0073276997246036184,0.006317064166069031,2.3,10000870.SH,10000797.SH,10000.0,10000.0,20170524,20170628
173,2017-05-08,20170508,0.0259,0.0362,0.07062956690788269,0.06356170773506165,-0.007067859172821045,-0.004183667898178101,0.0070282344476392715,-0.002884191274642944,2.3,10000870.SH,10000797.SH,10000.0,10000.0,20170524,20170628
174,2017-05-09,20170509,0.025,0.0362,0.08080855011940002,0.07074490189552307,-0.010063648223876953,-0.004975768923759461,0.006732908000961032,-0.0050878793001174925,2.3,10000870.SH,10000797.SH,10000.0,10000.0,20170524,20170628
175,2017-05-10,20170510,0.0282,0.0371,0.07739034295082092,0.06151941418647766,-0.01587092876434326,-0.005575397610664367,0.007151069306440978,-0.010295531153678894,2.3,10000870.SH,10000797.SH,10000.0,10000.0,20170524,20170628
176,2017-05-11,20170511,0.0069,0.0181,0.07266899943351746,0.06701484322547913,-0.00565415620803833,-0.005413520336151123,0.0071085652463097615,-0.00024063587188720686,2.35,10000871.SH,10000798.SH,10000.0,10000.0,20170524,20170628
177,2017-05-12,20170512,0.0197,0.0296,2.9802322387695312e-08,0.037013620138168335,0.03701359033584595,-0.002538302540779114,0.01116267546223276,0.03955189287662506,2.35,10000871.SH,10000798.SH,10000.0,10000.0,20170524,20170628
178,2017-05-15,20170515,0.0235,0.0335,2.9802322387695312e-08,0.04261663556098938,0.04261660575866699,1.6009807586669923e-05,0.014939872259909186,0.042600595951080324,2.35,10000871.SH,10000798.SH,10000.0,10000.0,20170524,20170628
179,2017-05-16,20170516,0.0259,0.037,2.9802322387695312e-08,0.04046633839607239,0.04046630859375,0.0025746166706085206,0.017215561121351957,0.03789169192314148,2.35,10000871.SH,10000798.SH,10000.0,10000.0,20170524,20170628
180,2017-05-17,20170517,0.0129,0.0259,0.05874559283256531,0.05791744589805603,-0.0008281469345092773,0.002766817808151245,0.01715173677235486,-0.0035949647426605225,2.35,10000871.SH,10000798.SH,10000.0,10000.0,20170524,20170628
181,2017-05-18,20170518,0.0093,0.0236,0.07412543892860413,0.06645533442497253,-0.007670104503631592,0.0018045604228973389,0.01717140392002513,-0.00947466492652893,2.35,10000871.SH,10000798.SH,10000.0,10000.0,20170524,20170628
182,2017-05-19,20170519,0.009,0.0246,0.052283793687820435,0.061545997858047485,0.00926220417022705,0.0026868194341659545,0.017073445171746093,0.006575384736061096,2.35,10000871.SH,10000798.SH,10000.0,10000.0,20170524,20170628
183,2017-05-25,20170525,0.0426,0.0526,0.09578093886375427,0.09094938635826111,-0.004831552505493164,0.002897906303405762,0.016946281484622863,-0.007729458808898926,2.45,10000800.SH,10000904.SH,10000.0,10000.0,20170628,20170726
184,2017-05-26,20170526,0.0343,0.0481,0.07684162259101868,0.08665928244590759,0.009817659854888916,0.0034091174602508545,0.016995493830022013,0.0064085423946380615,2.45,10000800.SH,10000904.SH,10000.0,10000.0,20170628,20170726
185,2017-06-02,20170602,0.039,0.0546,0.09764555096626282,0.10479035973548889,0.007144808769226074,0.00368916392326355,0.017009280990577736,0.0034556448459625243,2.45,10000800.SH,10000904.SH,10000.0,10000.0,20170628,20170726
186,2017-06-06,20170606,0.0302,0.0447,0.10371920466423035,0.10352376103401184,-0.00019544363021850586,0.0035702139139175415,0.01702867163703927,-0.0037656575441360474,2.45,10000800.SH,10000904.SH,10000.0,10000.0,20170628,20170726
187,2017-06-08,20170608,0.0333,0.052,0.13452944159507751,0.13321271538734436,-0.0013167262077331543,0.003562837839126587,0.017030864402193514,-0.004879564046859741,2.5,10000801.SH,10000905.SH,10000.0,10000.0,20170628,20170726
188,2017-06-09,20170609,0.0414,0.0645,0.1341196596622467,0.14485600590705872,0.010736346244812012,0.004217606782913208,0.017042937615915278,0.006518739461898804,2.5,10000801.SH,10000905.SH,10000.0,10000.0,20170628,20170726
189,2017-06-12,20170612,0.0363,0.0576,0.13114109635353088,0.13526973128318787,0.004128634929656982,0.0047705769538879395,0.016840394503424533,-0.000641942024230957,2.5,10000801.SH,10000905.SH,10000.0,10000.0,20170628,20170726
190,2017-06-13,20170613,0.0356,0.0571,0.13828513026237488,0.13896581530570984,0.0006806850433349609,0.005311504006385803,0.016506765207297262,-0.004630818963050842,2.5,10000801.SH,10000905.SH,10000.0,10000.0,20170628,20170726
191,2017-06-15,20170615,0.0351,0.0536,0.1398737132549286,0.12970498204231262,-0.010168731212615967,0.005048629641532898,0.01671863710022918,-0.015217360854148865,2.45,10000800.SH,10000904.SH,10000.0,10000.0,20170628,20170726
192,2017-06-16,20170616,0.0263,0.0458,0.11243459582328796,0.11616465449333191,0.0037300586700439453,0.0050964802503585815,0.016713149976215723,-0.0013664215803146362,2.45,10000800.SH,10000904.SH,10000.0,10000.0,20170628,20170726
193,2017-06-21,20170621,0.0205,0.0436,0.10841062664985657,0.11740723252296448,0.00899660587310791,0.00589970350265503,0.01648219890611243,0.0030969023704528805,2.5,10000801.SH,10000905.SH,10000.0,10000.0,20170628,20170726
194,2017-06-22,20170622,0.0302,0.0545,0.11319950222969055,0.1259620487689972,0.01276254653930664,0.007041013240814209,0.016104613580005787,0.005721533298492431,2.5,10000801.SH,10000905.SH,10000.0,10000.0,20170628,20170726
195,2017-06-23,20170623,0.0107,0.0382,0.11455866694450378,0.12905868887901306,0.014500021934509277,0.008559560775756836,0.015239099615259327,0.005940461158752441,2.55,10000813.SH,10000911.SH,10000.0,10000.0,20170628,20170726
196,2017-06-29,20170629,0.0482,0.0643,0.13734009861946106,0.13196435570716858,-0.0053757429122924805,0.008573481440544128,0.015225553394621116,-0.013949224352836609,2.55,10000911.SH,10000935.SH,10000.0,10000.0,20170726,20170823
197,2017-06-30,20170630,0.043,0.0607,0.1357724964618683,0.13434812426567078,-0.0014243721961975098,0.006651583313941956,0.013806511588188831,-0.008075955510139465,2.55,10000911.SH,10000935.SH,10000.0,10000.0,20170726,20170823
198,2017-07-03,20170703,0.0323,0.0495,0.13404497504234314,0.13039270043373108,-0.0036522746086120605,0.004338139295578003,0.011067785559374278,-0.007990413904190063,2.55,10000911.SH,10000935.SH,10000.0,10000.0,20170726,20170823
199,2017-07-04,20170704,0.0425,0.0588,0.12040397524833679,0.1191270649433136,-0.0012769103050231934,0.0022509783506393433,0.007132509027632309,-0.0035278886556625367,2.5,10000905.SH,10000934.SH,10000.0,10000.0,20170726,20170823
200,2017-07-05,20170705,0.0426,0.0611,0.1392410695552826,0.13550499081611633,-0.0037360787391662598,0.0021055817604064943,0.007227586232665839,-0.005841660499572754,2.55,10000911.SH,10000935.SH,10000.0,10000.0,20170726,20170823
201,2017-07-06,20170706,0.0426,0.0608,0.13286378979682922,0.12992575764656067,-0.0029380321502685547,0.002342185378074646,0.006963349262845217,-0.005280217528343201,2.55,10000911.SH,10000935.SH,10000.0,10000.0,20170726,20170823
202,2017-07-07,20170707,0.038,0.057,0.1320202648639679,0.1305857002735138,-0.0014345645904541016,0.0018073469400405884,0.006813039214067618,-0.00324191153049469,2.55,10000911.SH,10000935.SH,10000.0,10000.0,20170726,20170823
203,2017-07-10,20170710,0.0429,0.0627,0.12684312462806702,0.1281934678554535,0.0013503432273864746,0.0021164417266845703,0.006633867008008385,-0.0007660984992980957,2.55,10000911.SH,10000935.SH,10000.0,10000.0,20170726,20170823
204,2017-07-11,20170711,0.0301,0.0508,0.12798550724983215,0.12803915143013,5.364418029785156e-05,0.001628240942955017,0.006392163010377026,-0.0015745967626571654,2.6,10000919.SH,10000936.SH,10000.0,10000.0,20170726,20170823
205,2017-07-12,20170712,0.027,0.0497,0.1355079710483551,0.1372297704219818,0.001721799373626709,0.0013570904731750489,0.006259481196453216,0.0003647089004516601,2.6,10000919.SH,10000936.SH,10000.0,10000.0,20170726,20170823
206,2017-07-13,20170713,0.0216,0.0457,0.13241013884544373,0.13782963156700134,0.005419492721557617,0.001637837290763855,0.006311882555524749,0.0037816554307937623,2.65,10000927.SH,10000937.SH,10000.0,10000.0,20170726,20170823
207,2017-07-14,20170714,0.0324,0.0627,0.1200469434261322,0.14729401469230652,0.027247071266174316,0.0030660271644592286,0.00847058768710624,0.024181044101715087,2.65,10000927.SH,10000937.SH,10000.0,10000.0,20170726,20170823
208,2017-07-17,20170717,0.0425,0.0738,0.18795070052146912,0.18031683564186096,-0.007633864879608154,0.00214751660823822,0.00859022370169058,-0.009781381487846375,2.65,10000927.SH,10000937.SH,10000.0,10000.0,20170726,20170823
209,2017-07-18,20170718,0.0295,0.0642,0.15362069010734558,0.17099180817604065,0.01737111806869507,0.0028096407651901243,0.009236973659374597,0.014561477303504943,2.65,10000927.SH,10000937.SH,10000.0,10000.0,20170726,20170823
210,2017-07-19,20170719,0.0255,0.0605,0.16054287552833557,0.17053338885307312,0.009990513324737549,0.003275132179260254,0.009357830378365668,0.006715381145477295,2.7,10000945.SH,10000947.SH,10000.0,10000.0,20170726,20170823
211,2017-07-20,20170720,0.0246,0.0652,0.13483873009681702,0.17438295483589172,0.03954422473907471,0.005760779976844788,0.011865366477262667,0.03378344476222992,2.7,10000945.SH,10000947.SH,10000.0,10000.0,20170726,20170823
212,2017-07-21,20170721,0.0081,0.045,0.12668761610984802,0.16197332739830017,0.03528571128845215,0.007338562607765197,0.013558375330547108,0.02794714868068695,2.7,10000945.SH,10000947.SH,10000.0,10000.0,20170726,20170823
213,2017-07-24,20170724,0.0549,0.0808,0.17066118121147156,0.1673179566860199,-0.00334322452545166,0.006721571087837219,0.013758249560961269,-0.01006479561328888,2.7,10000947.SH,10000949.SH,10000.0,10000.0,20170823,20170927
214,2017-07-25,20170725,0.0406,0.0713,0.15437129139900208,0.16716459393501282,0.012793302536010742,0.0067231088876724245,0.013758962016635299,0.006070193648338318,2.7,10000947.SH,10000949.SH,10000.0,10000.0,20170823,20170927
215,2017-07-26,20170726,0.0391,0.0632,0.16152051091194153,0.15701958537101746,-0.004500925540924072,0.0057730615139007565,0.013849412778349493,-0.010273987054824829,2.7,10000947.SH,10000949.SH,10000.0,10000.0,20170823,20170927
216,2017-07-27,20170727,0.0385,0.0688,0.16261938214302063,0.17116764187812805,0.008548259735107422,0.006469261646270752,0.013607332474469585,0.00207899808883667,2.7,10000947.SH,10000949.SH,10000.0,10000.0,20170823,20170927
217,2017-07-28,20170728,0.039,0.0665,0.16294464468955994,0.1641063392162323,0.0011616945266723633,0.006598564982414246,0.013540498456928661,-0.0054368704557418825,2.7,10000947.SH,10000949.SH,10000.0,10000.0,20170823,20170927
218,2017-07-31,20170731,0.0386,0.0672,0.16906049847602844,0.16811814904212952,-0.0009423494338989258,0.0067340612411499025,0.013445749404591228,-0.007676410675048828,2.7,10000947.SH,10000949.SH,10000.0,10000.0,20170823,20170927
219,2017-08-01,20170801,0.0358,0.065,0.17268803715705872,0.17036685347557068,-0.002321183681488037,0.00668184757232666,0.013480478349550639,-0.009003031253814697,2.75,10000955.SH,10000957.SH,10000.0,10000.0,20170823,20170927
220,2017-08-02,20170802,0.0352,0.066,0.16790124773979187,0.16988256573677063,0.0019813179969787598,0.006967717409133911,0.013307437557337837,-0.004986399412155151,2.75,10000955.SH,10000957.SH,10000.0,10000.0,20170823,20170927
221,2017-08-03,20170803,0.0352,0.0665,0.15544214844703674,0.16306212544441223,0.007619976997375488,0.007495617866516114,0.013101623006903082,0.00012435913085937465,2.7,10000947.SH,10000949.SH,10000.0,10000.0,20170823,20170927
222,2017-08-04,20170804,0.0241,0.055,0.14603671431541443,0.15792366862297058,0.011886954307556152,0.008161693811416626,0.01296160426356763,0.0037252604961395264,2.7,10000947.SH,10000949.SH,10000.0,10000.0,20170823,20170927
223,2017-08-07,20170807,0.0266,0.0557,0.15647229552268982,0.15532687306404114,-0.0011454224586486816,0.008036905527114868,0.013042394417698252,-0.00918232798576355,2.7,10000947.SH,10000949.SH,10000.0,10000.0,20170823,20170927
224,2017-08-08,20170808,0.026,0.0538,0.15306821465492249,0.1485956609249115,-0.004472553730010986,0.0078105956315994264,0.013226183712993564,-0.012283149361610412,2.7,10000947.SH,10000949.SH,10000.0,10000.0,20170823,20170927
225,2017-08-09,20170809,0.0362,0.0649,0.13224390149116516,0.13843843340873718,0.0061945319175720215,0.008034232258796691,0.013155436602455873,-0.0018397003412246697,2.65,10000937.SH,10000929.SH,10000.0,10000.0,20170823,20170927
226,2017-08-10,20170810,0.0279,0.0547,0.12173178791999817,0.12652525305747986,0.0047934651374816895,0.008002930879592895,0.013162728170629275,-0.0032094657421112057,2.65,10000937.SH,10000929.SH,10000.0,10000.0,20170823,20170927
227,2017-08-11,20170811,0.0338,0.062,0.13678374886512756,0.13836964964866638,0.0015859007835388184,0.006719872355461121,0.012417744937857314,-0.005133971571922302,2.6,10000936.SH,10000921.SH,10000.0,10000.0,20170823,20170927
228,2017-08-14,20170814,0.015,0.0435,0.12776806950569153,0.13044962286949158,0.002681553363800049,0.007235643267631531,0.011997291914779227,-0.004554089903831482,2.65,10000937.SH,10000929.SH,10000.0,10000.0,20170823,20170927
229,2017-08-15,20170815,0.0211,0.0502,0.12779411673545837,0.1282627284526825,0.0004686117172241211,0.006390517950057984,0.011840042191855062,-0.005921906232833863,2.65,10000937.SH,10000929.SH,10000.0,10000.0,20170823,20170927
230,2017-08-16,20170816,0.0149,0.0432,0.13043054938316345,0.12622883915901184,-0.004201710224151611,0.0056809067726135256,0.0120365884166547,-0.009882616996765136,2.65,10000937.SH,10000929.SH,10000.0,10000.0,20170823,20170927
231,2017-08-17,20170817,0.017,0.05,0.11449328064918518,0.12969771027565002,0.015204429626464844,0.004463917016983033,0.009366967874484758,0.010740512609481811,2.65,10000937.SH,10000929.SH,10000.0,10000.0,20170823,20170927
232,2017-08-18,20170818,0.021,0.0568,0.09879764914512634,0.13188913464546204,0.03309148550033569,0.004354205727577209,0.008992323041253107,0.028737279772758483,2.65,10000937.SH,10000929.SH,10000.0,10000.0,20170823,20170927
233,2017-08-24,20170824,0.0399,0.0596,0.11686757206916809,0.1263030469417572,0.009435474872589111,0.004993140697479248,0.00886975851328342,0.004442334175109863,2.7,10000949.SH,10000993.SH,10000.0,10000.0,20170927,20171025
234,2017-08-25,20170825,0.0531,0.0732,0.14205041527748108,0.14453980326652527,0.0024893879890441895,0.00447794497013092,0.008690277161601088,-0.001988556981086731,2.75,10000957.SH,10000994.SH,10000.0,10000.0,20170927,20171025
235,2017-08-28,20170828,0.0447,0.0658,0.15131470561027527,0.15183326601982117,0.0005185604095458984,0.004728919267654419,0.008487434285451893,-0.004210358858108521,2.8,10000965.SH,10000995.SH,10000.0,10000.0,20170927,20171025
236,2017-08-29,20170829,0.0445,0.0664,0.1519428789615631,0.15354135632514954,0.0015984773635864258,0.004381430149078369,0.008465072528694995,-0.002782952785491943,2.8,10000965.SH,10000995.SH,10000.0,10000.0,20170927,20171025
237,2017-08-30,20170830,0.0365,0.0603,0.15129104256629944,0.1579224169254303,0.006631374359130859,0.004654914140701294,0.008443905578649907,0.0019764602184295654,2.8,10000965.SH,10000995.SH,10000.0,10000.0,20170927,20171025
238,2017-08-31,20170831,0.0341,0.0573,0.1575842797756195,0.16115519404411316,0.0035709142684936523,0.004880577325820923,0.008346188874157123,-0.0013096630573272705,2.8,10000965.SH,10000995.SH,10000.0,10000.0,20170927,20171025
239,2017-09-01,20170901,0.0531,0.0766,0.15627750754356384,0.1590980589389801,0.0028205513954162598,0.0051376640796661375,0.008190414741077937,-0.0023171126842498778,2.75,10000957.SH,10000994.SH,10000.0,10000.0,20170927,20171025
240,2017-09-04,20170904,0.0538,0.078,0.1613750159740448,0.16224750876426697,0.000872492790222168,0.005082222819328308,0.008216615610918214,-0.00420973002910614,2.75,10000957.SH,10000994.SH,10000.0,10000.0,20170927,20171025
241,2017-09-05,20170905,0.0364,0.0619,0.15858206152915955,0.16268840432167053,0.004106342792510986,0.004906541109085083,0.008197039048680863,-0.000800198316574097,2.8,10000965.SH,10000995.SH,10000.0,10000.0,20170927,20171025
242,2017-09-06,20170906,0.0518,0.0784,0.16184386610984802,0.16693422198295593,0.00509035587310791,0.004566711187362671,0.008031633071399959,0.0005236446857452394,2.75,10000957.SH,10000994.SH,10000.0,10000.0,20170927,20171025
243,2017-09-07,20170907,0.0345,0.0625,0.14223554730415344,0.15724226832389832,0.015006721019744873,0.005374318361282349,0.008236492015292344,0.009632402658462524,2.75,10000957.SH,10000994.SH,10000.0,10000.0,20170927,20171025
244,2017-09-08,20170908,0.0321,0.0595,0.14617183804512024,0.15788421034812927,0.011712372303009033,0.00618356466293335,0.008010087915585423,0.005528807640075684,2.75,10000957.SH,10000994.SH,10000.0,10000.0,20170927,20171025
245,2017-09-11,20170911,0.0292,0.0564,0.16322442889213562,0.16585829854011536,0.0026338696479797363,0.006005531549453736,0.008049305162955803,-0.0033716619014739994,2.75,10000957.SH,10000994.SH,10000.0,10000.0,20170927,20171025
246,2017-09-12,20170912,0.0378,0.0635,0.17405357956886292,0.1656680405139923,-0.008385539054870605,0.005346581339836121,0.008669318127432204,-0.013732120394706726,2.75,10000957.SH,10000994.SH,10000.0,10000.0,20170927,20171025
247,2017-09-13,20170913,0.0314,0.0625,0.1664145290851593,0.17473122477531433,0.00831669569015503,0.005683121085166931,0.00864625912446831,0.0026335746049880983,2.75,10000957.SH,10000994.SH,10000.0,10000.0,20170927,20171025
248,2017-09-14,20170914,0.0174,0.0456,0.13865813612937927,0.15282270312309265,0.014164566993713379,0.006257271766662598,0.008816046004494746,0.007907295227050781,2.75,10000957.SH,10000994.SH,10000.0,10000.0,20170927,20171025
249,2017-09-15,20170915,0.0144,0.0427,0.12825819849967957,0.14675948023796082,0.01850128173828125,0.007158905267715454,0.009110084093224164,0.011342376470565796,2.75,10000957.SH,10000994.SH,10000.0,10000.0,20170927,20171025
250,2017-09-18,20170918,0.0166,0.0454,0.14696112275123596,0.15178349614143372,0.004822373390197754,0.007610109448432922,0.008733490000335882,-0.0027877360582351683,2.75,10000957.SH,10000994.SH,10000.0,10000.0,20170927,20171025
251,2017-09-19,20170919,0.0326,0.0612,0.12668362259864807,0.13995519280433655,0.013271570205688477,0.007513466477394104,0.00865537480047066,0.005758103728294372,2.7,10000949.SH,10000993.SH,10000.0,10000.0,20170927,20171025
252,2017-09-20,20170920,0.0299,0.0597,0.13084056973457336,0.14299771189689636,0.012157142162322998,0.006466749310493469,0.006361111604176445,0.005690392851829529,2.7,10000949.SH,10000993.SH,10000.0,10000.0,20170927,20171025
253,2017-09-21,20170921,0.0088,0.04,0.12383142113685608,0.14398112893104553,0.020149707794189453,0.0070024609565734865,0.0070392933183873714,0.013147246837615967,2.75,10000957.SH,10000994.SH,10000.0,10000.0,20170927,20171025
254,2017-09-22,20170922,0.007,0.0376,0.11728039383888245,0.13757041096687317,0.020290017127990723,0.007892492413520812,0.007545753631695872,0.01239752471446991,2.75,10000957.SH,10000994.SH,10000.0,10000.0,20170927,20171025
255,2017-09-28,20170928,0.0207,0.0433,0.11459359526634216,0.13171127438545227,0.017117679119110107,0.008722448348999023,0.007604646152506489,0.008395230770111084,2.75,10000994.SH,10001014.SH,10000.0,10000.0,20171025,20171122
256,2017-09-29,20170929,0.0265,0.0509,0.12236437201499939,0.13945141434669495,0.017087042331695557,0.00949687659740448,0.007629592341484702,0.007590165734291077,2.75,10000994.SH,10001014.SH,10000.0,10000.0,20171025,20171122
257,2017-10-09,20171009,0.0296,0.0545,0.12360605597496033,0.13438066840171814,0.010774612426757812,0.009704038500785828,0.007603898208486322,0.0010705739259719849,2.75,10000994.SH,10001014.SH,10000.0,10000.0,20171025,20171122
258,2017-10-10,20171010,0.0258,0.0546,0.12001743912696838,0.1419760286808014,0.021958589553833008,0.010623422265052796,0.007928030119301438,0.011335167288780212,2.75,10000994.SH,10001014.SH,10000.0,10000.0,20171025,20171122
259,2017-10-11,20171011,0.0313,0.0595,0.10953566431999207,0.1337004005908966,0.02416473627090454,0.01169063150882721,0.008252346555200199,0.012474104762077332,2.75,10000994.SH,10001014.SH,10000.0,10000.0,20171025,20171122
260,2017-10-12,20171012,0.0112,0.0374,0.1021445095539093,0.12639275193214417,0.024248242378234863,0.012859418988227844,0.008294777785316357,0.011388823390007019,2.8,10000995.SH,10001015.SH,10000.0,10000.0,20171025,20171122
261,2017-10-13,20171013,0.0108,0.0362,0.1079009473323822,0.1272251307964325,0.019324183464050293,0.01362031102180481,0.008146233016271319,0.005703872442245484,2.8,10000995.SH,10001015.SH,10000.0,10000.0,20171025,20171122
262,2017-10-16,20171016,0.0115,0.037,0.10886576771736145,0.1224050223827362,0.013539254665374756,0.014042755961418152,0.007895829597113536,-0.0005035012960433963,2.8,10000995.SH,10001015.SH,10000.0,10000.0,20171025,20171122
263,2017-10-17,20171017,0.0082,0.034,0.09837207198143005,0.11823680996894836,0.01986473798751831,0.014285656809806823,0.008001067708822326,0.0055790811777114875,2.8,10000995.SH,10001015.SH,10000.0,10000.0,20171025,20171122
264,2017-10-18,20171018,0.0161,0.0396,0.09379246830940247,0.1035553514957428,0.009762883186340332,0.01418818235397339,0.008045817049372286,-0.004425299167633057,2.8,10000995.SH,10001015.SH,10000.0,10000.0,20171025,20171122
265,2017-10-19,20171019,0.0146,0.0413,0.07526102662086487,0.10385999083518982,0.02859896421432495,0.015486437082290649,0.008177077887460178,0.013112527132034302,2.8,10000995.SH,10001015.SH,10000.0,10000.0,20171025,20171122
266,2017-10-20,20171020,0.0075,0.0331,0.08838590979576111,0.10603132843971252,0.017645418643951416,0.016787984967231752,0.005944200497471707,0.0008574336767196641,2.8,10000995.SH,10001015.SH,10000.0,10000.0,20171025,20171122
267,2017-10-23,20171023,0.0308,0.0548,0.10315600037574768,0.11563965678215027,0.012483656406402588,0.01699633300304413,0.005699645398904595,-0.004512676596641542,2.8,10001015.SH,10000967.SH,10000.0,10000.0,20171122,20171227
268,2017-10-24,20171024,0.0377,0.0668,0.1022672951221466,0.125295490026474,0.023028194904327393,0.01743951439857483,0.005811374781044737,0.0055886805057525635,2.8,10001015.SH,10000967.SH,10000.0,10000.0,20171122,20171227
269,2017-10-25,20171025,0.0364,0.0637,0.10722377896308899,0.12449130415916443,0.01726752519607544,0.017377826571464538,0.005806056650336104,-0.00011030137538909843,2.8,10001015.SH,10000967.SH,10000.0,10000.0,20171122,20171227
270,2017-10-26,20171026,0.0272,0.052,0.11636850237846375,0.12541237473487854,0.009043872356414795,0.01758890151977539,0.005387216439267688,-0.008545029163360595,2.85,10001021.SH,10000983.SH,10000.0,10000.0,20171122,20171227
271,2017-10-27,20171027,0.0422,0.0662,0.08705064654350281,0.10348603129386902,0.01643538475036621,0.017747092247009277,0.005299506846196866,-0.0013117074966430657,2.85,10001021.SH,10000983.SH,10000.0,10000.0,20171122,20171227
272,2017-10-30,20171030,0.0344,0.0587,0.09261742234230042,0.10590872168540955,0.01329129934310913,0.017803800106048585,0.005242302207560539,-0.004512500762939454,2.85,10001021.SH,10000983.SH,10000.0,10000.0,20171122,20171227
273,2017-10-31,20171031,0.0308,0.055,0.10224798321723938,0.11122313141822815,0.00897514820098877,0.01724507212638855,0.005564696940472738,-0.00826992392539978,2.85,10001021.SH,10000983.SH,10000.0,10000.0,20171122,20171227
274,2017-11-01,20171101,0.0243,0.0492,0.09771111607551575,0.10998240113258362,0.012271285057067871,0.016844135522842408,0.005622338216032466,-0.004572850465774537,2.85,10001021.SH,10000983.SH,10000.0,10000.0,20171122,20171227
275,2017-11-02,20171102,0.0259,0.0499,0.09719213843345642,0.10684898495674133,0.009656846523284912,0.016471093893051146,0.005846286041972461,-0.006814247369766234,2.85,10001021.SH,10000983.SH,10000.0,10000.0,20171122,20171227
276,2017-11-03,20171103,0.0254,0.0511,0.090097576379776,0.10587218403816223,0.01577460765838623,0.016405472159385683,0.005846374160038278,-0.0006308645009994521,2.85,10001021.SH,10000983.SH,10000.0,10000.0,20171122,20171227
277,2017-11-06,20171106,0.0219,0.0458,0.10134389996528625,0.10692593455314636,0.005582034587860107,0.016145843267440795,0.00621337183597489,-0.010563808679580688,2.85,10001021.SH,10000983.SH,10000.0,10000.0,20171122,20171227
278,2017-11-07,20171107,0.0145,0.0373,0.10342589020729065,0.1064557135105133,0.0030298233032226562,0.015199404954910279,0.006703655140423979,-0.012169581651687623,2.9,10001023.SH,10001007.SH,10000.0,10000.0,20171122,20171227
279,2017-11-08,20171108,0.0126,0.0375,0.09987589716911316,0.10925343632698059,0.009377539157867432,0.014460045099258422,0.00647434104927071,-0.0050825059413909905,2.9,10001023.SH,10001007.SH,10000.0,10000.0,20171122,20171227
280,2017-11-09,20171109,0.0155,0.0403,0.09805867075920105,0.10503444075584412,0.006975769996643066,0.013596421480178833,0.006248003475443754,-0.006620651483535767,2.9,10001023.SH,10001007.SH,10000.0,10000.0,20171122,20171227
281,2017-11-10,20171110,0.0321,0.06,0.09810903668403625,0.11098787188529968,0.012878835201263428,0.01327415406703949,0.006101526763922382,-0.00039531886577606236,2.9,10001023.SH,10001007.SH,10000.0,10000.0,20171122,20171227
282,2017-11-13,20171113,0.0121,0.0411,0.11287716031074524,0.118509441614151,0.005632281303405762,0.01287880539894104,0.006335139585498893,-0.007246524095535278,2.95,10001035.SH,10001037.SH,10000.0,10000.0,20171122,20171227
283,2017-11-14,20171114,0.0276,0.0588,0.11446699500083923,0.12136366963386536,0.006896674633026123,0.012230402231216431,0.0062455035564434195,-0.005333727598190308,2.9,10001023.SH,10001007.SH,10000.0,10000.0,20171122,20171227
284,2017-11-15,20171115,0.0172,0.0508,0.10062786936759949,0.1195463240146637,0.01891845464706421,0.012688180804252625,0.00638901256368298,0.006230273842811584,2.9,10001023.SH,10001007.SH,10000.0,10000.0,20171122,20171227
285,2017-11-16,20171116,0.0078,0.0403,0.09827259182929993,0.11651995778083801,0.018247365951538086,0.01217060089111328,0.005370307649174891,0.006076765060424805,2.95,10001035.SH,10001037.SH,10000.0,10000.0,20171122,20171227
286,2017-11-17,20171117,0.0076,0.0381,0.08308097720146179,0.10071775317192078,0.017636775970458984,0.012170168757438659,0.005369844247106235,0.005466607213020325,3.0,10001043.SH,10001045.SH,10000.0,10000.0,20171122,20171227
287,2017-11-23,20171123,0.0475,0.0725,0.13499978184700012,0.1462756097316742,0.011275827884674072,0.012109777331352234,0.005372924059966485,-0.000833949446678162,3.0,10001045.SH,10001074.SH,10000.0,10000.0,20171227,20180124
288,2017-11-24,20171124,0.053,0.0798,0.15396597981452942,0.1636650264263153,0.009699046611785889,0.011443319916725158,0.004736278889833398,-0.0017442733049392693,3.0,10001045.SH,10001074.SH,10000.0,10000.0,20171227,20180124
289,2017-11-27,20171127,0.0674,0.0933,0.16675767302513123,0.17032691836357117,0.0035692453384399414,0.010758405923843384,0.004839051432160675,-0.007189160585403443,2.95,10001037.SH,10001073.SH,10000.0,10000.0,20171227,20180124
290,2017-11-28,20171128,0.055,0.0845,0.16799244284629822,0.17969587445259094,0.011703431606292725,0.01089138388633728,0.00482598090337628,0.000812047719955444,2.9,10001087.SH,10001097.SH,10000.0,10000.0,20171227,20180124
291,2017-11-29,20171129,0.0519,0.0829,0.17093506455421448,0.18480542302131653,0.01387035846710205,0.010763132572174072,0.004703420468105578,0.003107225894927979,2.9,10001087.SH,10001097.SH,10000.0,10000.0,20171227,20180124
292,2017-11-30,20171130,0.0635,0.0929,0.1848231852054596,0.19118544459342957,0.006362259387969971,0.010416680574417114,0.004762223030890236,-0.004054421186447143,2.85,10001086.SH,10001096.SH,10000.0,10000.0,20171227,20180124
293,2017-12-01,20171201,0.053,0.0834,0.18332108855247498,0.19220945239067078,0.0088883638381958,0.010412341356277466,0.004763644975553341,-0.0015239775180816654,2.847,10001007.SH,10001083.SH,10185.0,10185.0,20171227,20180124
294,2017-12-04,20171204,0.055,0.0822,0.1715175211429596,0.17402705550193787,0.0025095343589782715,0.009924253821372986,0.005054378266354031,-0.007414719462394715,2.85,10001086.SH,10001096.SH,10000.0,10000.0,20171227,20180124
295,2017-12-05,20171205,0.0524,0.0801,0.16333851218223572,0.16782519221305847,0.004486680030822754,0.009665745496749877,0.005198923089474076,-0.005179065465927123,2.9,10001087.SH,10001097.SH,10000.0,10000.0,20171227,20180124
296,2017-12-06,20171206,0.0382,0.0674,0.1750258505344391,0.17989137768745422,0.004865527153015137,0.009120291471481324,0.0050955125865757645,-0.004254764318466187,2.896,10001037.SH,10001073.SH,10185.0,10185.0,20171227,20180124
297,2017-12-07,20171207,0.0412,0.0712,0.15491649508476257,0.16770747303962708,0.012790977954864502,0.009480738639831543,0.0050870162702421244,0.0033102393150329593,2.847,10001007.SH,10001083.SH,10185.0,10185.0,20171227,20180124
298,2017-12-08,20171208,0.0499,0.0819,0.1549622118473053,0.1717836558818817,0.016821444034576416,0.01017031967639923,0.005101280350290395,0.006651124358177185,2.85,10001086.SH,10001096.SH,10000.0,10000.0,20171227,20180124
299,2017-12-11,20171211,0.0365,0.0699,0.14968863129615784,0.16802403330802917,0.018335402011871338,0.010618212819099426,0.005411810020597919,0.007717189192771912,2.9,10001087.SH,10001097.SH,10000.0,10000.0,20171227,20180124
300,2017-12-12,20171212,0.0364,0.0724,0.16168305277824402,0.182405024766922,0.02072197198867798,0.011305522918701173,0.00578490195733471,0.009416449069976806,2.85,10001086.SH,10001096.SH,10000.0,10000.0,20171227,20180124
301,2017-12-13,20171213,0.0256,0.0595,0.16102376580238342,0.1764155924320221,0.015391826629638672,0.011431172490119934,0.005847822503638383,0.003960654139518738,2.896,10001037.SH,10001073.SH,10185.0,10185.0,20171227,20180124
302,2017-12-14,20171214,0.0343,0.0686,0.15513643622398376,0.17171528935432434,0.016578853130340576,0.011978501081466674,0.005788480565505074,0.004600352048873902,2.85,10001086.SH,10001096.SH,10000.0,10000.0,20171227,20180124
303,2017-12-15,20171215,0.0195,0.0524,0.15617462992668152,0.1714201271533966,0.015245497226715088,0.012395942211151123,0.0057031237964420235,0.002849555015563965,2.847,10001007.SH,10001083.SH,10185.0,10185.0,20171227,20180124
304,2017-12-18,20171218,0.0207,0.0559,0.1611780822277069,0.17303678393363953,0.011858701705932617,0.012042954564094543,0.005492771580223163,-0.00018425285816192627,2.847,10001007.SH,10001083.SH,10185.0,10185.0,20171227,20180124
305,2017-12-19,20171219,0.0169,0.0526,0.16163256764411926,0.17244842648506165,0.010815858840942383,0.011671379208564758,0.005298907193047279,-0.0008555203676223755,2.896,10001037.SH,10001073.SH,10185.0,10185.0,20171227,20180124
306,2017-12-20,20171220,0.0148,0.0529,0.14442142844200134,0.16804465651512146,0.023623228073120117,0.011970701813697814,0.005799086968451054,0.011652526259422303,2.896,10001037.SH,10001073.SH,10185.0,10185.0,20171227,20180124
307,2017-12-21,20171221,0.02,0.0608,0.14192280173301697,0.16927871108055115,0.02735590934753418,0.01277470588684082,0.006736593289344889,0.01458120346069336,2.896,10001037.SH,10001073.SH,10185.0,10185.0,20171227,20180124
308,2017-12-22,20171222,0.0112,0.0537,0.13761070370674133,0.1730482280254364,0.03543752431869507,0.01406162977218628,0.008376886406059275,0.02137589454650879,2.896,10001037.SH,10001073.SH,10185.0,10185.0,20171227,20180124
309,2017-12-28,20171228,0.0606,0.0918,0.18067237734794617,0.18000903725624084,-0.0006633400917053223,0.013850000500679017,0.008703027781531923,-0.014513340592384339,2.85,10001096.SH,10001143.SH,10000.0,10000.0,20180124,20180228
310,2017-12-29,20171229,0.057,0.0868,0.16711732745170593,0.16731056571006775,0.0001932382583618164,0.01327449083328247,0.00921779265772597,-0.013081252574920654,2.85,10001096.SH,10001143.SH,10000.0,10000.0,20180124,20180228
311,2018-01-02,20180102,0.0526,0.0824,0.1659729778766632,0.16216596961021423,-0.0038070082664489746,0.012390622496604919,0.009974136070386667,-0.016197630763053895,2.9,10001097.SH,10001144.SH,10000.0,10000.0,20180124,20180228
312,2018-01-03,20180103,0.0512,0.0814,0.15508630871772766,0.15543779730796814,0.0003514885902404785,0.012090083956718446,0.010252028122401877,-0.011738595366477967,2.9,10001097.SH,10001144.SH,10000.0,10000.0,20180124,20180228
313,2018-01-08,20180108,0.0351,0.064,0.14950034022331238,0.14329317212104797,-0.006207168102264404,0.011335307359695434,0.011026576027208053,-0.01754247546195984,2.95,10001098.SH,10001145.SH,10000.0,10000.0,20180124,20180228
314,2018-01-09,20180109,0.0459,0.0766,0.14000675082206726,0.1410333216190338,0.0010265707969665527,0.011261159181594848,0.011093829532448325,-0.010234588384628296,2.95,10001098.SH,10001145.SH,10000.0,10000.0,20180124,20180228
315,2018-01-10,20180110,0.0307,0.0615,0.13892051577568054,0.1382417380809784,-0.0006787776947021484,0.011002886295318603,0.011317714218207786,-0.011681663990020751,3.0,10001099.SH,10001157.SH,10000.0,10000.0,20180124,20180228
316,2018-01-11,20180111,0.0298,0.063,0.1469055712223053,0.14687314629554749,-3.24249267578125e-05,0.010757988691329956,0.011508884136255036,-0.010790413618087769,3.0,10001099.SH,10001157.SH,10000.0,10000.0,20180124,20180228
317,2018-01-12,20180112,0.0407,0.0749,0.13627031445503235,0.14223578572273254,0.005965471267700195,0.010416713356971741,0.011546564009322918,-0.004451242089271546,3.0,10001099.SH,10001157.SH,10000.0,10000.0,20180124,20180228
318,2018-01-17,20180117,0.0202,0.0593,0.18901649117469788,0.1671193540096283,-0.02189713716506958,0.008480784296989442,0.013497266003877144,-0.03037792146205902,3.1,10001152.SH,10001158.SH,10000.0,10000.0,20180124,20180228
319,2018-01-18,20180118,0.0342,0.0846,0.1925961673259735,0.1881224811077118,-0.004473686218261719,0.007340329885482788,0.013584123265083136,-0.011814016103744506,3.1,10001152.SH,10001158.SH,10000.0,10000.0,20180124,20180228
320,2018-01-22,20180122,0.0912,0.1275,0.18270358443260193,0.20314285159111023,0.0204392671585083,0.007326194643974304,0.013569605177792108,0.013113072514533997,3.1,10001158.SH,10001164.SH,10000.0,10000.0,20180228,20180328
321,2018-01-23,20180123,0.0639,0.0995,0.18502703309059143,0.20182588696479797,0.016798853874206543,0.007396546006202698,0.013617186076546741,0.009402307868003845,3.2,10001173.SH,10001175.SH,10000.0,10000.0,20180228,20180328
322,2018-01-24,20180124,0.0693,0.106,0.20287135243415833,0.21687647700309753,0.014005124568939209,0.007267859578132629,0.01353777311778758,0.00673726499080658,3.2,10001173.SH,10001175.SH,10000.0,10000.0,20180228,20180328
323,2018-01-25,20180125,0.052,0.0886,0.1861509382724762,0.20544984936714172,0.019298911094665527,0.007470530271530151,0.013692942301798537,0.011828380823135375,3.2,10001173.SH,10001175.SH,10000.0,10000.0,20180228,20180328
324,2018-01-26,20180126,0.0556,0.0895,0.17438140511512756,0.18974992632865906,0.015368521213531494,0.007646021246910095,0.013774390767807072,0.007722499966621399,3.2,10001173.SH,10001175.SH,10000.0,10000.0,20180228,20180328
325,2018-01-29,20180129,0.0739,0.1075,0.1799890697002411,0.1928366720676422,0.012847602367401123,0.007747608423233032,0.013806453784854936,0.005099993944168091,3.1,10001158.SH,10001164.SH,10000.0,10000.0,20180228,20180328
326,2018-01-30,20180130,0.0484,0.0845,0.16687414050102234,0.18927273154258728,0.02239859104156494,0.0076863765716552734,0.013734869496774679,0.014712214469909668,3.1,10001158.SH,10001164.SH,10000.0,10000.0,20180228,20180328
327,2018-01-31,20180131,0.0667,0.1032,0.1673300564289093,0.18884751200675964,0.021517455577850342,0.007394453883171082,0.01335150299347053,0.01412300169467926,3.1,10001158.SH,10001164.SH,10000.0,10000.0,20180228,20180328
328,2018-02-01,20180201,0.0737,0.1127,0.15433260798454285,0.18546327948570251,0.031130671501159668,0.0071791112422943115,0.012902583971734528,0.023951560258865356,3.1,10001158.SH,10001164.SH,10000.0,10000.0,20180228,20180328
329,2018-02-02,20180202,0.0344,0.0717,0.16605862975120544,0.19074758887290955,0.0246889591217041,0.008446726202964782,0.013329844958764249,0.01624223291873932,3.2,10001173.SH,10001175.SH,10000.0,10000.0,20180228,20180328
330,2018-02-05,20180205,0.0519,0.0903,0.18652501702308655,0.20157399773597717,0.015048980712890625,0.009189513325691224,0.013259446707988048,0.005859467387199401,3.2,10001173.SH,10001175.SH,10000.0,10000.0,20180228,20180328
331,2018-02-06,20180206,0.0695,0.1096,0.20530596375465393,0.21866747736930847,0.013361513614654541,0.0100479394197464,0.012925298976028152,0.0033135741949081414,3.1,10001158.SH,10001164.SH,10000.0,10000.0,20180228,20180328
332,2018-02-07,20180207,0.0808,0.123,0.231768399477005,0.24293693900108337,0.01116853952407837,0.010588791966438294,0.012722933862112552,0.000579747557640075,3.0,10001157.SH,10001109.SH,10000.0,10000.0,20180228,20180328
333,2018-02-08,20180208,0.0683,0.1089,0.26245781779289246,0.2598782479763031,-0.0025795698165893555,0.010770171880722046,0.012494696515105604,-0.013349741697311401,2.95,10001145.SH,10001108.SH,10000.0,10000.0,20180228,20180328
334,2018-02-09,20180209,0.0817,0.1405,0.3088894188404083,0.33809736371040344,0.029207944869995117,0.012179240584373474,0.012919865563867258,0.017028704285621643,2.8,10001142.SH,10001105.SH,10000.0,10000.0,20180228,20180328
335,2018-02-12,20180212,0.0635,0.1106,0.2663864195346832,0.2768324315547943,0.010446012020111084,0.012735480070114135,0.012571946626183755,-0.0022894680500030514,2.8,10001142.SH,10001105.SH,10000.0,10000.0,20180228,20180328
336,2018-02-13,20180213,0.053,0.1056,0.22939762473106384,0.26501724123954773,0.03561961650848389,0.01451808214187622,0.01317919791716519,0.021101534366607666,2.85,10001143.SH,10001106.SH,10000.0,10000.0,20180228,20180328
337,2018-02-14,20180214,0.0635,0.1184,0.24158361554145813,0.2764127552509308,0.034829139709472656,0.015961265563964842,0.013760871751779863,0.018867874145507814,2.85,10001143.SH,10001106.SH,10000.0,10000.0,20180228,20180328
338,2018-02-22,20180222,0.0467,0.0961,0.2152927815914154,0.22580018639564514,0.010507404804229736,0.01758149266242981,0.010617397488111422,-0.007074087858200073,2.9,10001144.SH,10001107.SH,10000.0,10000.0,20180228,20180328
339,2018-02-23,20180223,0.0285,0.0767,0.18493172526359558,0.20185843110084534,0.016926705837249756,0.018651512265205384,0.009270645382380451,-0.0017248064279556281,2.95,10001145.SH,10001108.SH,10000.0,10000.0,20180228,20180328
340,2018-03-02,20180302,0.0751,0.1041,0.23049017786979675,0.22132059931755066,-0.009169578552246094,0.017171069979667664,0.011144824831117048,-0.026340648531913757,2.85,10001106.SH,10001251.SH,10000.0,10000.0,20180328,20180425
341,2018-03-05,20180305,0.0671,0.0957,0.2196967899799347,0.20974519848823547,-0.009951591491699219,0.015833547711372374,0.012689938397069316,-0.025785139203071593,2.85,10001106.SH,10001251.SH,10000.0,10000.0,20180328,20180425
342,2018-03-07,20180307,0.0702,0.102,0.209271639585495,0.20823398232460022,-0.0010376572608947754,0.015081408619880676,0.013237976383111099,-0.01611906588077545,2.85,10001106.SH,10001251.SH,10000.0,10000.0,20180328,20180425
343,2018-03-08,20180308,0.055,0.0856,0.21046337485313416,0.20385226607322693,-0.0066111087799072266,0.013785907626152038,0.014046628895437367,-0.020397016406059267,2.9,10001107.SH,10001252.SH,10000.0,10000.0,20180328,20180425
344,2018-03-09,20180309,0.0548,0.087,0.1960143744945526,0.1968996226787567,0.0008852481842041016,0.01306174397468567,0.014331198891312258,-0.012176495790481568,2.9,10001107.SH,10001252.SH,10000.0,10000.0,20180328,20180425
345,2018-03-12,20180312,0.0571,0.0891,0.21973863244056702,0.2066706120967865,-0.013068020343780518,0.011765962839126587,0.015477351404161071,-0.024833983182907103,2.9,10001107.SH,10001252.SH,10000.0,10000.0,20180328,20180425
346,2018-03-13,20180313,0.061,0.0943,0.20428064465522766,0.200759619474411,-0.0035210251808166504,0.010469982028007507,0.015624655984835516,-0.013991007208824157,2.85,10001106.SH,10001251.SH,10000.0,10000.0,20180328,20180425
347,2018-03-14,20180314,0.0546,0.0869,0.208955317735672,0.1987535059452057,-0.010201811790466309,0.008884018659591675,0.016048345397521018,-0.019085830450057982,2.85,10001106.SH,10001251.SH,10000.0,10000.0,20180328,20180425
348,2018-03-16,20180316,0.0479,0.086,0.19653311371803284,0.2031717598438263,0.006638646125793457,0.007659417390823364,0.01517195053861507,-0.001020771265029907,2.85,10001106.SH,10001251.SH,10000.0,10000.0,20180328,20180425
349,2018-03-22,20180322,0.0321,0.075,0.1915512979030609,0.19786599278450012,0.006314694881439209,0.00674070417881012,0.014633228027375773,-0.00042600929737091064,2.85,10001106.SH,10001251.SH,10000.0,10000.0,20180328,20180425
350,2018-03-29,20180329,0.063,0.0916,0.23146548867225647,0.22510632872581482,-0.00635915994644165,0.005670297145843506,0.014775797145351832,-0.012029457092285156,2.75,10001249.SH,10001288.SH,10000.0,10000.0,20180425,20180523
351,2018-03-30,20180330,0.0798,0.1076,0.24680784344673157,0.23338308930397034,-0.01342475414276123,0.004330983757972718,0.015248382848263124,-0.017755737900733946,2.7,10001248.SH,10001287.SH,10000.0,10000.0,20180425,20180523
352,2018-04-02,20180402,0.0655,0.0962,0.23221203684806824,0.22718986868858337,-0.005022168159484863,0.0035214483737945556,0.015295979419147341,-0.00854361653327942,2.7,10001248.SH,10001287.SH,10000.0,10000.0,20180425,20180523
353,2018-04-03,20180403,0.0645,0.0935,0.25144365429878235,0.2347436249256134,-0.016700029373168945,0.002815425395965576,0.015906121151827546,-0.01951545476913452,2.7,10001248.SH,10001287.SH,10000.0,10000.0,20180425,20180523
354,2018-04-04,20180404,0.062,0.093,0.24598082900047302,0.2347184121608734,-0.01126241683959961,0.0007919073104858398,0.01491522916670789,-0.01205432415008545,2.7,10001248.SH,10001287.SH,10000.0,10000.0,20180425,20180523
355,2018-04-09,20180409,0.069,0.0991,0.2749084532260895,0.240732342004776,-0.03417611122131348,-0.0014391988515853882,0.01663354418191092,-0.03273691236972809,2.7,10001248.SH,10001287.SH,10000.0,10000.0,20180425,20180523
356,2018-04-10,20180410,0.0437,0.0799,0.24097463488578796,0.23299112915992737,-0.007983505725860596,-0.003619354963302612,0.014200132675666116,-0.004364150762557984,2.8,10001250.SH,10001289.SH,10000.0,10000.0,20180425,20180523
357,2018-04-11,20180411,0.0425,0.0796,0.24414178729057312,0.23513290286064148,-0.00900888442993164,-0.005811256170272827,0.010968623334841056,-0.0031976282596588137,2.8,10001250.SH,10001289.SH,10000.0,10000.0,20180425,20180523
358,2018-04-12,20180412,0.0492,0.089,0.2524302303791046,0.2452276647090912,-0.007202565670013428,-0.006696754693984985,0.0102747983788239,-0.0005058109760284427,2.75,10001249.SH,10001288.SH,10000.0,10000.0,20180425,20180523
359,2018-04-13,20180413,0.0629,0.1019,0.27055153250694275,0.25190022587776184,-0.018651306629180908,-0.008475655317306518,0.008966052433988465,-0.01017565131187439,2.7,10001248.SH,10001287.SH,10000.0,10000.0,20180425,20180523
360,2018-04-16,20180416,0.0512,0.094,0.28884944319725037,0.2636753022670746,-0.02517414093017578,-0.009275883436203003,0.009714239196564523,-0.01589825749397278,2.65,10001247.SH,10001286.SH,10000.0,10000.0,20180425,20180523
361,2018-04-17,20180417,0.0326,0.0771,0.2764447033405304,0.26102784276008606,-0.015416860580444336,-0.00954914689064026,0.009810638642210255,-0.005867713689804077,2.65,10001247.SH,10001286.SH,10000.0,10000.0,20180425,20180523
362,2018-04-18,20180418,0.037,0.0823,0.2730996310710907,0.254967600107193,-0.018132030963897705,-0.010403865575790405,0.009774654505875382,-0.0077281653881073,2.65,10001247.SH,10001286.SH,10000.0,10000.0,20180425,20180523
363,2018-04-19,20180419,0.022,0.0693,0.23459044098854065,0.23988977074623108,0.00529932975769043,-0.009808343648910523,0.01036300595421854,0.015107673406600953,2.7,10001248.SH,10001287.SH,10000.0,10000.0,20180425,20180523
364,2018-04-20,20180420,0.0205,0.068,0.2121390402317047,0.2274063527584076,0.01526731252670288,-0.009089240431785583,0.011572515973867485,0.024356552958488466,2.65,10001247.SH,10001286.SH,10000.0,10000.0,20180425,20180523
365,2018-04-23,20180423,0.0772,0.114,0.23365101218223572,0.23564907908439636,0.0019980669021606445,-0.008335936069488525,0.011788236193290128,0.01033400297164917,2.65,10001286.SH,10001167.SH,10000.0,10000.0,20180523,20180627
366,2018-04-24,20180424,0.0587,0.099,0.23335060477256775,0.24098899960517883,0.007638394832611084,-0.007777965068817139,0.012281901504115785,0.015416359901428223,2.75,10001288.SH,10001131.SH,10000.0,10000.0,20180523,20180627
367,2018-04-25,20180425,0.0698,0.1117,0.2392650544643402,0.24788054823875427,0.008615493774414062,-0.00683709979057312,0.012796428155128192,0.015452593564987183,2.7,10001287.SH,10001026.SH,10000.0,10185.0,20180523,20180627
368,2018-04-26,20180426,0.0725,0.1123,0.2363046109676361,0.24162688851356506,0.005322277545928955,-0.006902918219566345,0.012726662821673698,0.0122251957654953,2.65,10001286.SH,10001167.SH,10000.0,10000.0,20180523,20180627
369,2018-04-27,20180427,0.0687,0.1098,0.2515040934085846,0.253999799489975,0.002495706081390381,-0.007093867659568787,0.01254526665581543,0.009589573740959168,2.65,10001286.SH,10001167.SH,10000.0,10000.0,20180523,20180627
